author,n
Lee4an,46
Partypooper009,80
Jenna1021,41
ALMEHZA_02,1
Fakehashish,32
TheeeHman,3
dontlookatme20,3
dogerlove,3
theblacktaco,1
idkwhattodoy,2
hahahahhahelpme,11
The_real_Schnitzel,1
vicsloan,20
katajin31309,1
Xsxcx,1
porchcoors50,4
idiociest,1
BizzarGhostGaming,2
AmazingDieudo,10
RayShmurda6,1
Lost-n-Confused28,2
GrimmMarshal,3
inception73,2
Rahulkumar18,1
MBSUPERSPAZZ,46
eriktheredhead,143
randomstuff063,71
llIlIllilIlllI,5
pego_tinn,2
whoisthatgirl1,3
jtothew,8
PrettyGarden,1
onstarcraft,1
ablogotrip9,1
toxicdogg13,1
CaseyNeistatsHEAD,1
neetro,673
linuxismylyf,369
OblitusSumMori,248
BreatheTheVoodoo,19
jason8001,919
Athronoak,78
SniperGodShino,1
PyroFromTheMoon,142
2Gunz1,1
Mortalia,1
astromoco,3
SuperBellV,164
jedaisaboteur,33
jSqaur3,179
Gunman862,43
sk8v,1
wufstreetart,11
C_Tommy_Howell,1
cyborgnick,1
marvelheroesfan,6
miurte,1
GrowUpBeARealMan,2
2ndPhoneAccount,2
fuckthatracistshit,1
carolsatkin,1
woodlark14,2904
PhyterJet,1071
UziFoo,799
Acerdrive,49
iamthehyneman,93
GhettoBenz,192
d123pw,5
GimmedatpizzaSWAG,30
MegaMuffinz,17
gilly65,2
CandyAndCyanide,9
NoScope57,1
sarahben3t,7
funknwagnelsw,1
Det_Smeg_Smegma,1
highflying,4
thezengrenadier,45
lotreman,55
Beaker184,2
CraigAtWork_,3
Shoulditeachphysed,1
wannab33,5
Drhouse89,5
Hachecode,1
watisthis112,2
refundme22,44
T-rabbit,458
thoughtswillwonder,38
PerryCox_MD,10
blackntasty,5
FireyShitBucket,307
ILiveInACup,52
Mike_Martz,81
DeadGrimmy,61
Bnicoletti,1
ashadds,6
ferry_01,1
Tux922,96
Side12,3
BlackCatSecurity,4
colinhall,2
thegirlwith2kitties,4
phatsbuddhaspot,3
Belovelant,2
Pookanator,6
Timpes,1
Throwaway12321432523,3
hummus73657356754,3
philthiust,34
fudgepacker9,2
usehernamehear,7
bad_meme_pun,3
Opiatethrowaway10,17
BustyMetropolis,136
nooBTCrader,338
the_Rabbit_Squad,1
keith1066,1
thadeus37,1
cobby,1
efleming969,1
zethuz,22
Mjpecca87,2
DiametricRegime,1
mrepair03,1
LEGALIZE_R4PE,10
Cat78728,1
RiverSevern,2
jgonieal,1
SparklingWalrus,5
nearlyascot,1
Irotholoro,1
movie65,2
yakkie21,253
DamielIT,3
nigports,7
hadenfarrell,23
iReaPxZ,2
Darkheart747,1
kochamciexo,8
aceinsubk,1
FreshFlesh,3
taigatiger,1
guywithashitblog,1
TrumpIsMyJesusChrist,11
hamessmith,2
Naughty-GF,1
Lelechrechre,1
LostBoy611,423
Beercatforlife,135
ilovecartoons_,3
spongebob2086,16
Josh_kid,135
DSGrahamJr,143
qpqpqpqpqpqpqpqp,33
throwitallaway200,22
Teufelsmietze,27
Rumblingtumblings,176
cooliorama,46
improper_comma_guy,5
Higher_Res_Bot,7
ohioan4bernie,3
eGFEAFS,7
Pirate-AdmiralWalrus,5
Squirtle8969,1
Cupboard500,1
bigp3t3,1409
Eazyzcore,18
okinawandugong,11
Psychothrowaway2014,3
Fister_Therapist,29
poopervisor,2
isimi,1
notorioususb,4
AreWe_WeAre,5
dpanchana,1
PresleyMafia,2
TIGAGIKA,1
C19lf,1
BruceTyson,1
snowoncotelandcont,2
saltybone1,1
hdzstream5,214
StenmarkCH,28
DownvotesRlife,36
el182,1
gijoejane,1
monavegas,6
mikibronx,16
ARagingNative,8
Riverbad,18
Grizzly5612,1
k_five,9
nicholaskno,10
LondonPenPals,1
Nutmegh,58
lsdmeththrowaway,22
duther1,9
Profoundone1,6
millbilliken,21
lisadaniellee,72
Schphilly,53
21_Yeets,2
luv2play,3
Naziriteworld,2
Philma_Kraken,4
ThePlasma,11
sm5656,3
Citrussnatch,6
csundergraduate,2
ihateaccounting69,3
pandabearpi,360
AllyHas,4
i_drive_rape_vans,7
toversations,11
SecretsOfTheUnknown,3
buildinganewcomputer,2
Discomfitting_SOB,7
mfenergy,7
ggggggforce,1
FFS_Already,9
Casualamathrowaway3,3
kamlahd,1
sdfjh87,2
nodester101,1
jmarks7448,3316
Allllliiiii,895
chensta111,464
yepprobablyno,26
heylookapizza,112
PoopNukem,81
ttfnsteph,61
jurydutyguy,6
tauretta,4
robinlime,1
originalsmp,6
dissectedgreninja,12
bpbeelen,20
pinkfatlips,2
thugware,123
SilverBadger90,431
mvp0818,133
tedmackey,352
DungeonLairBlog,4
knattymama,10
aantony10,3
oregoncamper,1
kirkwood,1
tiemen,2
vnepoirncpemeromv,15
amabtrans,14
Iopmeg,39
Deafgrips65,4
nebby99,5
sese317j,4
SpookySpooderman,1
DoesSheGiveZed,2
Gz_kavle,6
FullFrontalNoodly,28808
DanielPedberg,498
thebillis,407
Neotonic,163
chronohome,22
smackdownyeah,21
tdosilva,76
sunny_lizard,6
earwear,17
QuelLoveNeYo,6
HakunaMatataDoe,9
justw1c,1
pegpeggy,13
perspective_au,6
kitty_licks_tiger,2
fedsclosingin,8
jpbates05,1
searchtutemattjesan,1
Sunnysangha,1
DiscountDoubleCzech,1
godbois,8879
Tankstorm88,69
proxyhaxxor420911,4
zambonier,2
Squareface,2
WyckedWolf,2
Rowna_Furniss,2
kyleboy2121,2
mori56,29
InsidLEEum,8
vetiralodpoho,1
BrooskHamarash,1
Rengnar3,1
prommac,68
name__redacted,688
Hotdog71,904
mjaumjaumjaumjau,13
spliggity,345
its_a_SQUIRREL,155
MojoArts,18
gizzardshad,38
pippinpops,3
89AdiYCaGXZ2iThD,2
1throwaway222,1
ace2470,1
matatat27,5
nolabiguy,1
JustDokkan,2
thesquattingpotato,2
iicuitahx74,1
BlueRidgeSlut,6
omiz-,1
bn20,687
SoDDevil,85
ThomasPDX,1193
FyreTheBaws,225
Redditingatjob,18
Recuso,81
HardJesus,10
Karmajuice,60
adam1738,3
thepolishgenius,5
Mindwaves23,5
angryatbf,1
rvathrowaway12345,1
ri-se-de-piadas-seca,1
patchythepirate2,969
W0000SHH,257
Peppa-Jack,372
Snivalk,324
TrevorCorey91,101
Lungorthin666,236
henryfonda,10
Fake_History,1
KtjsZrena,7
bookahontas,2
draynas,1
homestorageinc,1
EnglishAsh,2
zacrains,1
afroninjaz,2
dnmukkkk,1
KarateIsland,1
Ferrazzo,85
cowboyhero,1006
ItsSpencer,134
ethik,528
kellie18,2
FieldEnthusiast,12
lilasreq900,3
geneparmesan25,43
emiledarius,1
Rapes_The_Willing,6
nofap_fu,42
codieblane87,11
xnorthernx124,56
TheRealFrostMana,137
gnarkillington20,4
waterloo_is_a_meme,1
Dpg1,1
minedaleoo,1
libmc,1
dks414,2
Uncomfortabletruth12,1001
DumberMonkey,3807
AmrN90,1
Hornedmarten,29
bpineau,77
BrainInjuredGirl,209
necroplex,21
leovir14,11
katamari_damacy,13
TehMojopo,46
FancyMammoth,2
ConcernedMLGCustomer,2
parisianjedi,19
Chipparu,1
Terebit,21
hellomynameis_me,4
nsfw_1324,1
ilvovebr,1
SphincterSuprise,1
randomguy7530,741
newsydsyder15,123
Snekeke,821
One_Eyed_Walrus,9
felimimimi,262
are_u_cereal,2
Diobane,3
MEstudios1983,34
seymourbutzz,11
gertjanvegter86,36
subliminalsnail,28
Cawson,8
donkim1153,2
pryory,2
Bojong,3
__JcK__,2
Heirimias22,1
FOVJoj,1
break_time123,1
Yulppp,1096
syberx,1269
bagunter,15
GutenTagGoethe,134
amishbabe,162
cockbutterhotporn,38
PamsPartner,5
dont_click_popups,8
halfofzeno,3
arfat11,1
sleepsonfloor,8
marciemarc425,7
f43qg343hqg48hj348,1
letshavesomefun222,1
Vegita420,1
BenLynch87,2
PageyPage,51
frickin_ass,23
starshipheartofgold,1
GalaxyPanda77,1
Orbo,7
lukeskywalker172,5
Lirne,16
qualitytape,54
bubs353,412
trevorwood,1
realstewpig,2
Musical_Alix,15
milk7874,8
Gremoryy,35
nakedspirits,1
Robd0go,13
sinlavenia,5
anoneth,119
NoTime_NoSpace,61
saq45,3
DrawsLikeA2YearOld,1
thisIsMyUCSDAccount,36
ander85,4
Ace_Hiken,2
brotherlydisciple777,4
sleptlikeaglove,14
OldSloppy,11
acnupp,2
yma2000ln,1
eyeswideshut22,2
Scrappy12345,5
thatBitchTiff,4
Jone991,1
Ithinkimprettygay,310
lizzycupcake,169
Sir_Icebeam,12
Elchacster,15
SleepyDinosaur,194
Desmodog,8
eeyore49,1
cantstandhicks,85
Cock-enters-Pussy,1
RassyuM,2
DollarDragonBoy,1
MaxfieldDavis,1
Onlinestore12,6
darpantic,5
FreudianParapraxis,6
deviceboski123,1
msdfmnbsd,1
Hamar232425,1
KillerPineappl,1
robbiegrant,1
nanana123565,1
Chuckweb,128
greatwallcrushers,3
PocusFocus,17
deonjh,1
FuckYouGotMine,83
VichyFlowers,3
james822,1
ruduki2,14
Rahulrsi,1
Rise_-,12
DaisukeHeckie,2
rdmrbk5,216
Bicepticons,200
chipppper,271
heileris,45
Ununahs,120
igotasandwich,21
MissUpvoter,236
TheRealZekiepoo,25
imcompletlynormal,201
RighShanks,7
andrewbender,3
dzonivejin,9
Throwaway114327,1
clamps_and_friends,12
sarahrocks2000,1
livingmcrjoke,7
Panwage,1
Mangocrud,2
AshyTater,1
C4TmAn2004,21
c_dogs,5
Amelia71,5
LethalWatermelon,1
BloomingPine,4
lydia_loves_aidan,2
Roeed97,57
ivanvonbewski,55
otiffanyushouldhave,5
TheReclaimer23,3
King_Eli_III,7
jackalope_rising,16
MisterJane,1
SmaGrodornaArLustiga,1
QRIJ07,1
casehogan,3
Itachifk,1
newsc2accnt,1
mark_marq,1
Boschmax,342
xLifeNova,148
PurpNap,13
samanthamurphy,26
bobdylan2,1
sg1_,1
shanghaibound,1
elcunardo,1
THenrich,14
whatisshappen,6
yoloswag420kony2012,1
Scruff19,1
NaquadriaX,3
onepiecefanatic1997,2
Cidfox,40
DesuGoji,230
B1CB01,602
blue_boogie,133
HeartOfMold,18
TatoGuzman24,59
VitoOo62,2
IamFigjam,10
dejavu21,20
anjunalove,2
chhamilton,2
VincentHoliday,10
labellefit,1
Boxing_Glove_Arrow,1
boaz3,1
Galil2,1
seoagencysandiego,1
nerdthrowawa,5
Gulf_Of_Bietanu,3
nirvanafreak92,3
Throwaway73838383,1
FiniCky-,1
garylucas1185,1
milkman25,5
MakesYouExplain,1
ballzaks,1
mmbc2,1
wopmapo,1
no_dingdang,1
Danger_Knight,39
Shaydeel,104
BsBordeaux,92
bllaaahhhh,36
antisocky,569
1st_gen_asian,10
ocregister12,7
IAreTheLeviathan,92
seochamp101,9
mfalconieri,1
SakuraBlackRose,3
neversaytry,1
silvestree1,21
YouMahNerfHerder,1
Flyingtamponmonster,2
STA_2014,1
madeeasypk,3
E_Sweezy,10
Darkchild1984,1
killerbolt,10
Turbosock,97
aoz0ra,105
missionoflove,478
kikurumi,53
Sir_500mph,12
_Wallypop,43
HELLOLADIESITs,4
pannaanna,1
I_fuck_kids69666911,7
tophergrace2,1
rav_a,3
eruhv098ucvlkhsb,22
imabouttodielikewow,3
grooseisroger,2
xopurrthrowaway,1
ProgrammerBatman,1
yoidit,4
CHIKNGaming,1
Lillu89,607
OhJeezums,917
Sivim,842
RenoCSGO,9
tuvalu11,76
Puppies_playing_ches,78
historycrazy,30
cottonpickinpplman,11
shurp_,467
psudude66,156
everynamewastooked,2
hiphopistruth,1
puffnipthrowaway,2
AustinRambler,5
puddingandchomps,1
flamingdart1,4
Mayoroffunko,16
mushroommunkey,36
Redbanger,1
bellrive8,1
chadmanx02,1
Mondofrog,21
Appastair,29
hanhanward,5
thisisnotmymainacc,7
RBrownII,4
Pls-Downvote-My-Post,1
VickyToro,4
Blix998,1
abnormalyetnormal,2
jaxvxo,1
London3D_,1
SlytherinRules,3
KnightMare62,4
BigDaddyPL,1
RepublicanRealist,3
TrillFlossy,23
Lemon8Lime,28
mmibb,1
lediploplo,81
Moklerman,2
PM_me_ur_xbox-trials,1
csims1968,3
Nursejane16,3
temp049049,1
wemakegreatpets,2841
llewellynfalco,168
ContortionBreaks,60
genital_sweat,9
Phaliaetus,2
mobilepete,1
Viberz,115
Gornosaurus,1
2-22-22,1
alfabet_soup,2
Snortingblood23,1
advicethrowaway324,11
daniel65536,40
gogetmethatdonut,330
timeasy,12
Starcol,11
DonGoethe,6
uhuwe,3
tippi_toes,1
throwawayzoal,1
Hillaryisbaddy,11
Kassatur,3
Coolnaise,3
sofasausage,1
Bro245678,1
Jer456556412,1
Exorzism,1
rabx88,1
johnlondon125,811
newbikesong,153
Byran125,267
thatsamgirl,10
UltimateGoodGuy,352
iTzExalted,9
ineedachange82,19
singleserving_friend,4
lnsdcd,13
Willow_Al,1
missysmelliot1,9
fuckthispussieshit,1
off44,1
Ddraig-Kapcha,1
Kamal002013,1
fanyz,2
creitve,901
dirtycorner,6
zkushking,5
aonix911,62
DragonBytes,80
4th_and_schlong,50
D6ag,2
bb_boi,38
djqwer,5
Pat_Oftei,2
QueenTemptress,48
H2Panther,2
gmen271056in,1
randyale69,16
ReynaldoGC,276
keepitrealcodes,266
Azzjunky2000,31
NumberOneSportsFan,48
coldair1123,4
Ruzveltq,3
Whatsadamnusername,2
thekorns,13
thevigs13,21
DINAMIT_max,9
MasterOfSporks12,2
Themanwiththeplan10,2
oirelua,8
54T5T,12
SpeedoHunter,12
vr738,1
2INDMECH2,1
cheeldeev,1
ckephart,3
nancywenzel,1
on_the_streets,1
Stealthbmxer,3199
Letagod,573
_Solfray,35
Stalks_Your_Username,14
Rodrigounintended,71
Houki01,98
101epic404,1
michaelgayy,2
ptolemysein,303
AllOfFoglesFootlong,5
Ace_Avenger,4
kill-dem,2
CookieCutterLenny,5
4everandaday,3
_nine_,8
trs1138,3155
mothergarage,54
evil_Totoro,488
ddsinthesix,61
ultr4-violence,519
Mr_Floppyfish,163
sadshadow24,6
throwawayfee,1
now_with_more_gluten,3
clusterbn,28
tosser12345werds,3
Imafaggotbutimnotgay,389
capoqt,6
KarlSchnaider,1
AHighTeddy,16
Crys7Al_Bow,11
CamoJomei,1
CoCONUTKING11,1
CodyJane0123,2
cxjkbvu,1
stoolcentral,1
SPablo,4
JustJacey,2
RonaldKonkoma,239
emdkay,592
michoakl1996,110
Phil_Osa,45
Folle255,2
investthrowaway112,3
MarvelousOak,41
throwaway0982340238,1
techlinks29,9
karmadoesntmatter69,90
AndroidLinuxMan,5
DriftinHD,4
mallycakes,13
ahihigotthatOJjuice,2
AnScriba,3
CraftyCreeper,6
GretaGargoyle,1
Johnnyboi2052,2
kbb0118,1
popeto84,1
Azrok666,4
mexicanstandofficer,369
BenCarmine21,365
Keegzmcninja,38
yedragon,33
AGREEwithOPgiveKARMA,1
gayDerek,2
maillim,15
YeagerZGaminG,5
MRP904,4
blackcatcab,2
TyranaTopherRexP,3
Bill_100,2
TrafalgarSinx002,20
ff1984,214
nashvegasent,117
Fungineer_,2274
hayos,120
MeLurkaLongTime,14
GivesUnrelatedAdvice,1
ThrowMEaway12340,2
jayflood,1
stockplayer,2
DICKHEAD_ATX_DRIVER,1
unhappythrowaway22,1
rowdyray2003,1
BlabberingEndlessly,113
dynamiczdnb,2
Nickrog252,1
ggwilde,17
alyssaparmenter,1
dutchton,3
DocWanky,1
andrewsteb,3
mcmullinfan,1
goteamvr,1
Principino81,2
Soyusz,1
metin03256,1
seeoncec,2
LuciBoots,3
forc3_sim,2243
shieeetposter,144
bustedbyamazon,3
Infielder,199
XboxMUT,9
beasleyben,2
d3rp_h3rp,45
kczak923,12
awong2,177
throwawayracistboss,4
anotherthrowawayca,3
cross110,5
MarvinBerry,4
s00p3rnaut,1
sa_xix,5
hian_gin,7
Apron-Khan,1
HillarysCatheter,293
yourhero-right,2
GoogleJohnNash,1
BrambleScrambles,4
hornygurlhrowaway,1
Botsliveamongus,1
superrrrthrowaway123,1
fongaboo,5583
mandatorytoast,293
TheNumberSleven,154
Enc0d4,36
howard300,21
stupiduselessnames,1
flicknasty123,6
xigon,6
JojiBoutique,3
FlowRunner,1
zslava88,9
shotwithoutachaser,1
bigHodey,18
alakonda02,29
thr0wupthr0waway,7
s_mudnal,2
lucidlyx,1
Pocketjax,5
wcafe55filmz,1
kohstormy,1
Lukeofthehighorder,945
No_shunning,560
codbla69,10
planetzoob,6
the_both_of_us,13
flurter29,34
iPro_x_NuKeZ,43
rdmfresno,1
umustbekiddingme,6
Jayonhavok,1
wnsjswnsjs,1
young-entrepreneur_,7
Timdenhoedt,8
Habanero_pickles,6
IIHodgy,3
laregacobade,1
mccord1000,1
nsfwcaptains,1
squashedorangedragon,148
dutdotdot,2
shaaleen,5
CraftedWalrus,4
popular115,1
URKLE_THROWAWAY,1
chriskingsimplehelix,1
willwong198208,5
DeplorableGiant,5
OmegaLink9,52
SirManFatThe1st,30
gabbem93,2
yuyike5303,2
ltzMaatt,1
RxOYAL,2
saibloggier,1
MyDownvoteFetish,47
myownprojects,8
dontbreakmyglass,1
dethaw,2
speed_limit_35,184
flavchallenged,20
Malcom_Gold,370
Dr_Zurkon,51
notamajesticwolf,7
Plz_PMnudes,12
lovepie130843,22
SchweddyBalls_69,60
davidg,15
RfnWilliams,2
pohervo,5
sissysamurai,1
ChammaBrothers,1228
Bloop-a-Doop,297
CraigOKC,195
Hockey2988,6
22Daddy4Trap,24
Apook,22
recztryp,56
thro-ah-weh,8
iam_kujah,2
braydster34,8
ll_but_trying,2
Help20122,4
drcohen,1
Revenge_of_the_Toast,267
tommyboy929,7
c6_x9,3
forevernever2,1
AnjaliMaya,1
TheJumbomus200,4
lindsayehlert9,2
Rosichan,1
_tech_throwaway_,1
bawurdeman,29
98349891384,3
FreshGraduate,6
theboom1,13
aerialatomj,2
Conman_Khan,16
_orz,4
jaissakoro10,1
0_1_2_3_4_5_6_7_8_9_,9
_awqwerty,4
stuzz123,3
Aatghhgh,1
A-ZipperSuitedSunGod,1
Rigsec,1
rjpaiz,1
kfjnenxww,3
eliiestarr,3
kittizrs273,6
zonedog,2
windofadream,20
NonSequitur123,17
norights_throwaway,6
CrashPerfectNight,6
Jepiero,12
TailgateMayor,2
iP0st3d,1
blistv,6
Rizma42,1
sergiodxd,2
Addixtxy,7
mavpa82,9
Sislo,1
catholic13,2908
blad3s0fgl0ry,3
down_in_it_,20
dominocalle8,4
doc406,2
s5857,2
98zj59,1
LegoThrones,1
CantStopThisEgo,1
grizkushthrowaway,1
Woody19988,1
kasimacinni,1
terminalPFC,1
UhhMrThePlague,133
newsultans,15
StatesReasonForVote,142
EmberMclain,4
DystopicCylinder,77
mansog,23
BlackSheep21090,16
Runs_With_Spiders,21
Protector_of_Pickles,1
howdoiusetehreddit,4
Pointer_moron,7
krst,2
pay_gorn,41
Fleecemane,2
sdfrgshwarthqeba,1
GiMmYPD,1
FeelsNoMore,39
shatterediron,29
jamurai,115
hangthienbao,6
FlgGypsy,135
Throwwawayy789,2
kalgoop,35
VCTRLXNDR,7
CONC_11,1
DustAndSound,8266
henryz58,89
PM_ME_PETITE_TITTIES,24
farteryhr,4
data_ninja_monkey,4
BirminghamCoder9,42
yellowdoorisme,1
footkakasourbai71,1
Buster_Bronco,1
eager_muslim,2
adamshap,1
SakuSugoii,328
Lime_Time,4088
Srack11,11
Laser-circus,4193
endlessinavictory,681
meteorknife,2308
numb1hero,7
HypnoticHypnotic,18
Rudeontheinternet,59
motersen,9
sleepybassist,3
BamBamWham,2
mttgtz7,3
EndersValentine,3
Ryannerker1079,1
w32fitb,19
lifeiskickingme,2
fortinero26,1
conz123,5
Lolwhatmate,1
BboysOnAcid,1
Sschoy,105
triton6714,25
Censored93,1494
1sadsod,26
bedtime1,1
kitten_penguin_lovin,4
ninoice,1
Williamthomas127,1
shazzammmmm,1
Drew379,1
Greenltrn681,1
shgw89,12
CheeseyCheeseUnicern,7
planetsquanch,14
Avdaq_ksp,4
sidewesta,1
Sdmedic91,1
Annie0007,1
greengemextreme,316
gethh,5
tvfriestie,163
TheBeast26,7
Tylerpipy,6
another_madman,4
Thatboredguy7,1
Tweakette,4
lilstrawbs,1
LtGriff,775
Darthmonk,35
dollon2,1
yemrac,23
smalltesticles,80
throwaway0110666,1
zeitghost14,73
Roy9Biv,32
RoyMustangg,46
freedom_and_equality,4
timetraveltrio,2
171bandfan,18
Hula_Jos,7
eigxgxbe,1
Alwal90,1
King56kj,7
nzqutor,11
1kyardstare,3
Deadpool_WadeWilson,4
BlueBluePoo,1
SunriseOverGiza,16
pokemonmaster2004,2
Ray_Prass,15
joan-bays,6
redandblacklumberjac,14
StefBani,42
thatwasfuckingdumb,1
deppaotoko,4
liquidf81,43
Shotunsteve,1
Djuziii,5
thegoodone2015,1
ronbertpaulsen,1
128_harps,3
DasKudos,1
P33po,1
lukewilliams95,1
Lowzix,4
lvl6charmander,655
askers,517
Paleaux,745
mcalla09,7
ssumner13,5
stoickable,44
forever_a_monk,48
HKeasy8,5
St_Clinton,242
throwaway202810,6
GareMcD211,2
whydetroitwhy,3
Beckjg,2
TroubleEjaculating,4
Toklerone45,2
whoframed,17
khanhboeing,1
Atomsk2,7
seakin84,1
Desmai,70
cmhocbot,105
the_nitroman,5
TiedCookfire,17
Speedzius,5
Fordoxs,2
DirtyBernard,18
NozzyT,9
landshark_tho,6
throwaway19432,2
TheTruePc,10
styop,1
IceWalkerLover,1
xSkrubz,5
devinitely_,3
DeugeneMusic,3
tarkadol,3
mudrax1,1
XmattbeeX,154
Meninjesus,412
KritDE,234
whodaheckisdouljaboy,73
DoctorFootie,171
Randishs,70
cyrodii,36
harley613w,2
feeepo,109
GH-CaptainCamper,2
drakeofdrake,1
SweetLou_21,3
Boom_A_Rang,1
KillerBusJY,6
pamelaAreeves,2
callmemrcynical,1
firstphotoshoot,2
HappinessWarmGun,1
Ahmadak07,9
changhong,1
ichabod-crane,1
lnlogauge,189
josfari,27
xxprime,11
Bucky135,1
Katanya711,17
KingTutsBustedNut,21
LtSockington,5
goddamnitmicrosoft,4
jackson940,15
ktimg,4
Aricaworkstomuch,1
Emircn54,3
gregbrial,1
istillhavenoclue,1
Ranger_Aragorn,21109
Makaiei,437
NancyinDenver,6
wrathofbanja,47
Snotspat,535
darndarion,78
daxpenick,9
timothypearson,1
WhiteBeard2016,23
Viltoid,10
clonandy,83
smitty--werben,2
StokedLongboarding,1
MEKAROID,1
Sosgirl10,23
AlanaA45,8
Tmh1245,1
FierstArter,120
CyberPunk16,274
Endlessxo,2118
AirKing11,31
deleteMeASAP,2
truckinausza,43
Br1tarded,215
BackDoorBernie,4
Ocean4K,43
Bobnorbob,42
Deathmatch1959,2
ubermotif,16
Stars_falling,2
squomp1,1
highgears,2
Dentrecheigh1a,1
BertnFTW,520
ThankGodForJustice,181
Bart3011,89
Stonesage,9
manceryuik,4
scarlettdsc,1
modernbanget,1
Gnuffster,6
StormyMea,1
Cojonazos,41
Jus-Blaze-1,2
AyyLmaoTheShark69,4
Lilbro2200,1
RexOrigin,1
rednecklepercon,1
Wadewilson74,550
andy61,11
MishaPink,63
IHaveANich,21
devmac,47
Colinjonas,115
DanderGrimnebulin,3
jacket1121,8
bc6597,3
Surgical_Strike,238
deceitfulink,6
Donald_P_Trump,8
RingBoss,11
d1i3,1
freeaaaky,20
binupdd,1
buying1stcar,3
ScetchMC,18
sinanmods,2
nubiria,1
warningTape,2
dblnegativedare,36
XiND3R,16
xanthon23,7
aclosetedfurry,1
bonafont95,1
glashow,1
54vior,2
beamerblue,8
SandwichGamer107,2
flashbulbeyes4,4
toppspiricelloavio,1
taz210,1
Finaldzn,502
Shitservers,24
DazzytheSFMFox,2
SpaceThymeCooktinuum,78
OlyTag,369
GoaYaro,31
rachicho,1
Quittingforreasons,3
patstronaut,2
oiler514,4
granko,1
Spy3377,1
boinklist,1
Phxdoc,9
xiox047,4
Hediir,1
TheZoMbIeGoD777,1
soulvirus,1
a_likely_story,313
HyarionCelenar,1054
throw939949,10
willisrocks,62
claudication,6
May_I_Hug_You,30
guy_awsomest,1
NOT_FOOD_PORN,41
merdenoms,131
brachyrhamphus,4
yellofever,1
RespectNDA,15
spc311,4
employedinusa,2
Therealdudeguykid,5
JAVAJAVAJAVAJAVAJAVA,1
HillDog732,1
BrandonDaKid31,1
Krysunki,1
TimberWolf96,1
AlbertFinestein,40
OzrilOgre,809
Btonn3,4
cdiebenow,24
HasEars,1
Louisianatic,92
CmonJustLetme80,5
moonshimmer,3
DogColorDogColorYES,5
eroticalover,2
wallinthebrick,10
Redditor___in__chief,21
khaleesi_eyebrows,1
bolovii,63
Jetspeed19,3
davidrela,7
Regatz1,30
royalkillerdeath77,1
TulsaMJ,1
praveenravula,1
dieseldeathstar,652
Master_of_Ares,148
RizzoNailock,190
cterry351,26
TheHellKaiser,291
CHImatic,17
embracehumanity,19
Confessor_bear,1
DingoCobbs,5
Dzordzio,27
WadoWizard,16
Dragonlisa2,35
elojk,3
Slybrand,2
thisizlandon,14
136am,20
uni-kitty405,1
MB10101,4
Absolutemadman97,1
AngerOfZero,3
manutdcyberfan,6
ofek163,2
haio03,2
heyaqualung,398
MTPsGame,299
Retnaburn,1732
ConnorFroMan,102
sheeplysheepus,8
lexdabear,6
youshallnotpass123,45
hanafrufru,21
c0nfusedhusband,1
Helpmeunderstandplz,5
Sofachange,118
ltsootcfas,60
joehatescoffee,49
tomfooleryvt,2
ilikec0lors,1
nizzi11,1
Xman443,1
CescoP,9
pornfreethrowaway391,1
dmtp133,7
justchise,1
misshiss13,1
niiparttonabhatas,1
ys_skywing,1
VintageGaming91,34
Energizer205,122
Ugly_Butt,35
Ares1221,2683
Donkeygun,167
postoride22,85
riccicedric,1
MonkeyM0nster,2
royalive,25
Tony_Spilotro,1
lautaroc,37
standsinwind,6
w2wma,1
wisenutt669,1
Zyldian4life,3
familyandlegalissues,1
PhilScott4VT,24
Abbey_1912,1
BrooklynWeeb,1
mayasLOL,2
mintedlemonicedtea,1
BeLikeKyubi,1
r0nnybums,846
LucyintheSky66,69
CungaLungaa,760
RippedPanda,172
808sandcoffeebreaks,33
gunnry,126
thestrategos_polnet,4
str8bro4upvotes,41
RacoonView,1
crabbieginger,17
ronn3l11,5
throwaway15377,1
TheBatman31,1
mattorosco,1
Albert0980,1
Vercingetorisk,3
Lerdfarquaad,7
sensitivebanana,1
RedFiolent,1
sketchanderase,727
KiraVolfield,14
jenniferxfe,12
elkydriver,14
everybodybutme,3
veryanyonomous,3
tartcap78,1
CarlosLei,10
ntri023,6
PM_ME_UR_T1TS_,9
skate253,3
yeahplsdontfindthis,4
karnagemastersfriend,1
enteredthematrix,4
signmytits_,1
Akanderson87,1602
mve1,5140
BelmontBrosDylan,168
idontwantanother,480
spartican4,102
jimmux,2523
HospitalMadness,2
mmasson1975,6
vansterdam4twenty,3
CD3434,1
J_g_alt,1
AllBunsGlazin,5
k96b,43
noahc1234,1
KeelyFarmertin1,1
Stockus_Member,4
_McKilla_,1
abrahamlincolnsaurus,14
ghost_of_erma,4
SomeRctPlayer,1
Agent3449,1
bookingscripts,1
summon_auntie,1
MrConorwashere,2
guesswhostalkin,5672
designedd,1
Conspirashibe,16
D3m0nBunn33,25
howcoulduthinkthat,31
mufukin_sage,1
Swoll_Train,119
EdsBallsyBalls,2
Nextorch,7
cmiceli,1
ap2539,21
throwaway8990,1
BigsK,37
itzshady,40
vherm,1
ior_,1
EvilMuku,23
jvb2019,1
douillee,67
common_bird,40
justsayinmmk,2
Evil_with_a_D,4
Bitcoin_is_dead08,1
ozenga,10
Ravified,10
GooNinny,50
CHUNKYBARF,15
culajao09,1
TherryTropschuh,1
XXXjuggalo4lyfe,1
bornandraisedin,31
Pessimist94,43
WOOOOOT,1
AmishHomage,3
Slavfaka,1
kouaki,3
yourejustsmarter1234,1
XxRhythmicxX,1
GromHenzoAram,1
berror,25
Renderdp,394
Something5555,716
watch444snakes,115
nhuff624,5
PiquantCat,34
towniemakingbrownies,44
tsitrabus,1
returningnull,1
secretaccount285,45
entosser,5
Jurassic42,1
LCONFAIR,15
xrdanny,3
fawzidi,3
AljoseHD,2
LandboundMermaid,11
3DVore,9
Sean_TripleX,1
LucasAI,1
Pregxi,1646
heyporter,186
jakobasusual,2
democracyforall,75
prakarp,25
JimiOriginal,16
ahmed44f,2
GoodwinOxworth,2
Jacob0907,2
NecromancerIsPro,1
DedicatedSurvivor,1
theotheraccount1207,1
shimonarathore,5
MBA_Marshall,2
hateisgoodfortheskin,2
DiamonFish,1
Dangator88,1
xXlinksoraXx,400
superhappycat,263
radiotvision,34
Foxiest_Fox,69
Bluecarts666,69
throwaway11111111212,1
Groff_Duda,58
troudent,57
Overclocked420,115
whattodo_whattodo__,21
whitedaykotori,20
m3atIoaf,3
owensmith33,6
gessejilmore,1
dandekel,1
Smilligan525,3
MunchMunchbox,1
Interactive1012,1
cessthesaratema,1
rootjd,1
Mekelekelek,1
shitkahnt,1
mmmdr,1
Napster653,252
mediascreen,80
THEC00KIEMAN,11
Redfishes,21
nofapletsgo,3
peasyeady,5
pedroshoemaker,79
smarmyfuck,1
throwaway8167276,46
H0onk,18
LEON29,1
quinnmain,2
scijicky,6
oibjjknj,6
Dxmonicz,23
ColdSiracha,5
newbeerlabel,1
WittyLoser,2419
ermacforcekin,856
AlphaSud,45
assdfer,3
3funny6me,6
thehoki,1
rxtreme-,39
AdaraTheCatgirl,2
NathanRockwell,1
SSkies,4
Conflict10,3
UntetheredLabs,2
vedant-agrawal,1
JIM_EDEY,2
gun_thusiast_merica,1
paxtonLNK,134
ching-chong,141
stinkfinger2,9
hoseo25,6
BennettIsFree,2
_OX_,15
akthrwy,1
Plan9reords,2
HelloLolo22,16
naughtynickthrowaway,35
chervei,6
BuddyPam,11
Everest8,2
bluelanyards,1
Obamasmommallama,1
claysturkey,1
Sonoffrogbear,31
sfd4f65d4gdf5,2
Kleeneks,23
Evenstar728,285
erhartslacklncb,1
TheRealRyu,22
Ramza1,1
SergeantStank,4
VickiHill,1
jowenie,1
joellcolombibjcqzv1,1
fun7074,285
JesusPrice31,304
Wumekk,9
marzipanfred,3
LapONTop,7
Mickee77,18
pickle412,1
radicalxdreamer,6
vallain203,4
Lubberstimp,67
migginz,5
Chimpnado,1
redlood,1
TunaNyan,2
Daviscraigg,1
luismcrae,1
YouShantyTownsFolk,1
codex2123,1
IcedHD67,1
drtran118,5504
Ryno9292,167
Becd3343,267
#NAME?,7
dirrrtyd,17
CheeseWarlord,4
ReeferMandela,68
OperationNub,1
aaronpage88,6
Throwatossaway,20
tnav63,1
TheScarletVixen,4
throwawayescortsg,1
Gryphondorf,1
Lejund,19
advice_ssads45,1
PizzaForce1,36
Tokyojane,10
Silver0123,33
psmith_journalist,1
newcalgarian,8
Ayahtzee,87
lacrimale,53
TheRedhead00,14
r4swim,4
portkindsutitamers,1
skipingall,2
RagingSeal,1
Alexr314,68
Katamaru,12
Darnell_Jefferson,51
TwitteredUp,120
portrayaledreality,1
JealousOrJustified,23
qj111,3
scubadoooo,1
PhotoShopPumper,1
Meerkat82,1
Learntoswim310,1
legalthrowawayphila,1
DefenseBonus,23
Fjodor_,2
vector_velocity,1
wish-i-could-read,1
tekkenPotato,1
genthedolazegar,1
bennyboiq,2
justthistimeonly,3
allisonmcheine,1
merimp,1
johnnehx,88
destinyluvz,32
katsew,49
Mel-moth,289
TigerIsReal,12
glowdersreto1979,1
kauppily,1
Ecky2200,1
razygtm,1
hohnersg,1
cammieboy678,145
jpowers757,15
timcamber,7
nomnummy,3
snippysta,1
ptttanona,2
TalonLusk1,3
urssmail,3
JJFromApple5,8
majorlariviere1,1
Turas,2
Storelod07,1
Hanashinobi2,249
FrazerNg,302
kendallpark,439
trans-continental,23
Siklone0306,3
Meese057,25
BlisterzBooty,15
FuckFastFoodSlavery,7
italien,48
iamdangeruss,1
thistimeitsdiff,1
nicotwuist11,1
BadHandwriting,1
scribbled_dreams,28
swatiside,12
uscuul,1
saudizion,1
zyear27,1
weexplode,34
ThatClemsonguy,2
stewartalexj,1
kardo1234,1
The_Silent476,1
ReikerCyG,1
Zaero777,199
iusuallyjustread,12
Xietsu,3
shugoplease,7
bromleytobrooklyn,6
blurtoise,6
itjoe1996,1
bargainpluz,2
fi2xer,17
ThoughtVortex,6
Friendlydruggie,17
Thatonethrowawayac,3
BlackHat77,3
warderbob,2
woahdoood,2
nixiecon,314
angry_drunk_comments,22
Ben10do,84
therealmrdean,29
fatman7170,132
Dryzoh,5
anniecao2,1
fafsadude,6
polska619,3
extraordinaryperson,1
FirstCumFirstServed,7
Ellio1086,12
_another_cs_student,8
dude123188,1
champi_master,1
Bhill1727,6
SmokeDifferent,35
toystor3,1
Madrascalcutta,5966
ScatPornAma,60
iwilleatyou54,21
Blackshirts98,905
CrazyAm11boLady,36
hell0control,1
OMAN10000,1
DoableDutchman,1
maboss36,1
blackmanL9,16
HamburgerConnoisseur,5
OverwatchBrett,1
Mr_Worriedasf,8
ChickenChipsAndGravy,1
alternate7,4
blackalpha93,1
gamblidatphiropers,1
DareelMRVX,2
Meatball_express,3607
what__year_is__this,2412
ThreadX,147
Sancheszzz,2
Pelargir,11
peacelaw,23
kanapi,22
365939,1
Sherlockismylife,2
johnrocks02,1
bugbean1,1
GeorgeK305,1
yiyu123,1
davidmbarr1991,1
KidCom,133
pufomasterrace,331
taintmoun,11
CapellaThirteen,19
b8b0u4n4b0msa,2
Iheartmyfrenchie,1
Pkoelle6,6
cuchulainn12,27
lumiose_man,4
jokar,3
TheEliteBarresi,6
prototypical_,18
kintaro04,13
armadillocake13,2
runescape979,2
TroutClub2016,3
SidewaysGollywomper,12
JcAm56,1
sexyfuckingthrowaway,1
Neffka,1
Infancinema,1
PIako,1491
TimeisKey,22
Zombicidal9,1
thevirtualsky,51
EnglishPoliceOfficer,35
AnthonyRe,12
ketoanxiety,9
DeviantHippo,4
RuneHawk6101,5
bookmarker7,1
Ingenuous_,2
Karis718,1
OtakuShady,1
tristingonzalez,1
UCD-Student,3
GraphicDesigninOttaw,5
AtomicEnigma,18
mattjaguar,45
dont_blink7,7
KatnJams,1
zinod,2
ahmedessam58,21
swarmgbln,5
throwaway324807543,1
Sharpiimov,3
rabble-basetordz,2
hannibalhat,1
ohsoSambo,20
merrell0,789
MrOnigiri,38
john-mayernaise,66
echesnu2,6
AceofScribbles,20
Ajitdobal,11
relatetemp,9
Whateverclothes,62
vanhelwig,2
zorahadic,1
thattechtuck,39
LORDTELLY,3
Eichhoernchen-D,1
jepujeesus,1
ThrowAwayDumpTheFIAN,2
bluetuna11,1
contacewu,1
nuktukheroofthesouth,511
handmadestraps,13
chyssler,227
Gaybomb,39
BillSticks,145
mr_jaffa,15
captaindeck,107
oohkalyoo,9
SSdernul,98
acsmit,4
fewerismoreisfewer,3
Iwilleatyourwine,35
NothingButWhole,1
offschema,122
TenCapo,5
farziq,1
xxHamybonexx,1
iMeo_,8
dfelll,1
Wazeontop,3
Poorbettin,2
oishster,3453
shepz92,200
Swag_like_goku,75
k-dawwg,65
pdjsociologist,11
SuperDangerous,8
got_trolled_from_BW,3
Justsek,1
GngerNnja,1
Facefaceyface,2
ScratchHD,2
ronnyfriloux,1
wtf43564,1
esmeras,14
ealedoux,2
Queen_Diva,72
Drakonis90,311
JammesT,45
ScottishMohawkGirl,68
missingtadpole,9
Haus_of_clouds,5
DickInABox4U,1
C4Vendetta,54
hnweb,1
raymondquinn,8
Willemlynn,11
trutestoftime,2
hardkn0x,1
MummaRochy,15
UVgamma,267
paanvaannd,2116
seriousw00f,11
PoopAndScooping,12
ltat00,1
asdzxcc,1
Mandolinist,3
Spectaer,9
young60l,1
S0m3B0dyY,1
Reitz_,1
e89dz23892,3
MistahChaz,1
RockstarGamesGTAV,3
Kryptic_Terror,2
bobdouchene,1
Mossy83,13
JoeFarmer27,66
JT534,52
SHIWAWA,1
anastory95,40
Direct-to-Sarcasm,346
dskofnwe,11
nogood205,11
anti_gravity_larva,4
swazxe,2
cmoreno7c,1
jcxcvi,3
Tiny_Danza_,2
slikkrw444,1
sudjs96,31
Trashbasura,19
Young-EngR,2
kreacherspubes,8
DrChocula,19
junglepussy69,3
Old_Balls_McGee,3
RustyWaffleButt,8
lightupthesky,1
bsl1999,26
sd-65,4
JustBigBuckey,2
scandaluz,2
dortor0Z,1
ShQQtandrun,40
zombiebabs,7
MJMagnificent,25
Muzzikmann,27
iamFlopez,1
Food_Negotiator,107
TomFleet,1
vroomvroom911,3
rderijcke,1
CoolSaxa,2
elizabeth_windsor,1
jadebroo,13
9666,1
RandomlyChosen412,2
princessofvenus,9
zebbe456,3
LuckyOneOnAcid,1
cesdicartockjuggeo,1
tkoserby,1
ThrowawayErudite,1
borayilmaz4,1
gizliz42,264
alottabit,201
tacofuerty,9
smeggygoat,15
AxiomBTC,295
Turn_Left,4
teamcody1337,3
noys_,1
jamolli,2
stucgibmeweedja11,2
rmSX13,12
al7e91,4
naltikofarnsombking,1
HumptyDogeDoge,1
Shadow-B,1
satans_hot_anus,1
ItsAndre,1
MrMarblesTI,748
Higgx8,456
fastii,3
CCP_Thoughtscape,4
NoSmiling,5
chrisbw106,2
UFOAsFuck,14
sbgboc,2
earthrocker66,34
Jnorlax,6
TheConCit,2
lets_do_work,1
Razvan9898,1
JJ___Abrams,2
psychtron,3
Lilith7,94
digitaldozer,350
wy100101,805
ddinkleberg,9
Elserf,11
bj899334,2
AdobeCEO,2
Casperkillsx,23
Anonyway,1
Colinology,9
QuitSpammingThreads,2
Asauve19,28
Cmbr32,5
SCP-173Whisperer,21
xjoshuax,3
Imreallyhard5811,1
ThatDollarBill,4
yolomcwelfare420,1
seliamohammad,1
needlegalwords,1
Tillandz,973
Monkey6775,86
TortugaIII,366
Davviodos,11
woodelo,9
UnknownStrang3r,18
IqBaLLeR,1
DrBubblewrap,18
ChromyChromy,1
Insatiablemail,6
Epicslendy308,6
viawebspace,3
womanwithbrownhair,234
sarawilson416,8
benedictvii,20
mikeltc,54
snowm,77
temp4123,2
TheShillBuster,1
CanIEvenRightNow,254
IckyWicky_BuggyWuggs,1
Gen62191,2
throwaway4204204201,2
blubberbobob,2
leckmichamarsch89,5
dobetterbyyou,6
Im643,3
masrspeedinnanfuncpi,1
timduke985,1
_____hey,1
tsac7260,1
sir-stephen,32
ScotianCanadien43,583
jules1991,2
MrKilroy,2
dedflatbird69,7
Butteritisnot,4
EduardoMMaina,2
Ed_Galligan_PPI,3
JeffHeim,1
not_an_alt-12,1
maximumudez,4
Lizwilde,2
w0rmus,1
ch1stna,1
djSCRIBBS_09,1
TVProdcrew,1
sallyhasking,1
dolphin1111,248
NeoOrigami,17
kateniss101,46
MoJoGSXR,76
Actmob,2
sakdfhkasjdfhkasjfh,1
turbo_chameleon,22
ll_TryBaL_ll,4
Coopey08,8
Sjdmoney408,114
gabenewer,1
cptoffblast,1
marty_trusts_victor,1
AS-1014,1
gummiriot,4
Throw0987456321,1
ohdonpiaano,13
Dominoko,947
ryryck,480
muffinking34,145
wildlotusmedia,129
jab-mind,130
t35711,3
slohman11,8
BeenBearclawed,59
RandomBarGuy80,23
I_GET_YOUR_REFERENCE,4
GreenXPumpkin,18
FAILisnotanoun,13
Reachseenew,2
Not_A_Bot_Lord,1
Lou_Bhang,380
011ryan110,1
Jomolopo,4
MrSynapseHD,7
shaqqo,84
likebandits,38
k1ngps5,4
Cramos42,2
james5434,2
fappability,2
Habitant1982,5
It_is_not_Legos,1
MissMermaid14,3
delamontagne,9
silviduki,18
Mesterion,3
ashphthalo,25
internetassasin,116
3v0lver,2
RajeshKoothrappali,2
Yakuzaishi,6
ilamda,18
droidHumanoid,2
outofmylife91,1
sonofthebirch,1
thr0xkcjcvh,1
ceipiviradantmeac,1
walrucles,29
Foaby,7
lollacakes,378
DB00956,8
curlysue_01,1
Stacyhager,7
Chemelephant,2
carmentove,16
Itwillhappentoyoutoo,17
OathWorks,1
beasty_of_the_easty,1
AoeAoe,2590
SexP4rt,32
GwendolynCage,42
DarkeDwarf,6
warbird135,141
paladaris,1
toadscrossing,148
samy002,4
emilieproulx,2
mama1234mama,3
wanthoyn,2
guitarmatt5150,1
JoshuaArmstronguk,1
hyej,2
BOAsmid,1
consmaronlalatis,1
Gemsonreddit,1
jdawgoner,1
juvi1624,1
nignogfinder,1
AtomOfUniverse,1001
trikepilot,295
schobgav002,4
nobits,79
daniel_eff,45
seducedbyme,1
TinaSmith123,1
impecunius,2
Takamaki_Anne,6
Swashy-B,3
FKNhombreseta,1
partreprapoulmela,1
lmdxb,1
-calvin-,381
Davidlol123,13
ricketticket,6
thatsagudidea,13
jaysospooky,7
k03lh1nh0,24
hamachibarrage,6
ImStokesy,2
IgnizzleFoeSizzle,7
_cLip_,1
bs3999,1
LAsurfer,1
infiniteskyfall,1
365inflatable,1
Bobz79,192
canal8,1097
TellMeLikeImFive,68
cheshire87,120
Ashewyn,18
TheVoltaire,3
ilovemen69a,13
seff,5
gslanfranchi,29
johnnyhotnix,2
beyondnostalgia,1
WouldYouLikeCatFacts,1
bluewebmaster,1
taco_from_space,1
valkeaori,1
buang_jauh,1
Diprene,1
Gingerest,1105
brocktherock13,2
maruka2011,152
LoLZBerryBaker,156
ShaggyFloorboard,101
triumphh,1
doogieie,185
Msbitch90,5
supersophaz,8
DiscoTaric,11
germx1234,14
League101,1
situationimprover,2
TankHill,25
LetsPlay_Gta5onPS4,1
Aoelmo,2
I-Question-AboutSex,1
anonadvocate,2
Submit-HERE,2
asdfhaiosdf9,3
PAIJOMUI,3
veinpain89,1
danialzaidi,5
_famos,1
ihavelotsofboners,1
dunktrain,485
budo7,360
PhilippaEilhart,1449
noahwilde,1
d6mi9n,3
oobrody,14
HeavyweightNeutrino,57
SaggyMcPootersen,15
IAMscoggin,25
lordbarett,1
ledlightchinaok,1
LucyInStereo_,1
infojumble,1
staylavish,8
ivar605,2
madangioraitraw,1
Unicantbanme,1
BrooklynBeka,5
awilder1015,507
Sirawesomepants,835
peedeeexx,256
mahde_daum,272
istois,3
apurvb,8
darw1n167,4
applenutbutterbread,8
Redeliel,4
Mitchachin,11
e3yor3,4
marthapmr,74
john_gates,2
ljsad,2
grumpyhermit67,37
25Nico2,13
teaballz,3
Mcahill2k4,2
Kochiloi,20
Kamehameha01,1
coolbirdnice94,1
VerdantSmash,977
ichilllonhoth,682
JackRedux,16
octo-ais,19
PokemonCrossing,41
pharos43,31
smitty68,111
JAMSTERham,5
Vesos_y_Vecez,2
shooty-pooty,5
WizardsPupil,18
yrkoonmel,1
occupybike,1
eruwery,1
HamuelMcBeetus,246
MK6Yoti,6
DasBrucewerfen,67
shizzeh,135
GIGANIGGATHERAPIST,90
Lovesoserious,1
getsoffbypleasing,1
Satisfty_,7
rockaway24,1
squawk1609,2
bigdrumtripsbro,1
avestite,1
PKingZombieSpy,1
sm6060,1
TheKillingSmiley,319
cupoftea420,131
ExCruzMissile,3
Mexico_Is_Paying,95
gavmac34,6
syzygic,237
ryanjpals,141
Reach_for_the_sky,8
bLxWwH1t3,2
Detreeus,2
ashk2007,1
dreamless1234,1
sam61818,4
shayneking2,1
cnoizece,17
nclthrowaway123,2
park6225,1
Damndanielreid,1
JohnCoffee6492,1
lilkimchichi,1
IncognitoMemphis,1
Madnessos,189
islewolf,81
Mayuss92,104
bigdavedenver,22
fuckameepster23,32
jgadapee,5
discoshroom,3
ashbyb,3
Smoothmage,10
singhboy,18
Wildman44,24
luva104,1
CamunotGrande,1
deathplyr,3
potentiallypsycho,4
amunrob,1
shenell1999,1
babarksha,1
jfgWgcvT,1
PartySkunk,56
Relevent_Source,9
efilkrap,7
Pr8inch19fl,129
Tioz,21
mrs_levin,79
RDWalker,1
Heytherereality,1
Mantus-NA,8
columbi-ehhh,1
francisreeds,1
smerritt16,3
dontouch_egg,24
THEZENSHOZ,9
DeBo_4_Sho,1
historiespls,6
Cesahave,17
That_is_Surprising,2
tpierzina,1
skendel,1
benjycain,98
hosesexypants,83
tpstar9999,699
furious_teapot,4
wastingaworkday,12
casualuser15,35
Marshmiller43,42
lave181,2
pandarino,93
regal_fart,6
Worst__Case__Ontario,21
kingarieslxxxvi,7
TysonsWorldOfGames,1
aawshit,1
theIllustriousElJefe,7
LR_Zach,1
rancho11,6
swimmergb,3
BingoJabs,2582
30000lbsofbananas,147
For_Pony,6
TheSnatchbox,349
2016RJ,3
SorakaBot,4
LilaBeth,29
432123223,2
cypreston,376
neel8892,1
Qaswedfrtg,1
zer0will,8
TheIronTaco601,18
DimitriyBorisov95,9
jon_jon_brahhh,2
divyakulkarni,15
dylanlanc,5
Zeustrino,20
drevo44stavb,1
jiavertv,1
MarceloPercusion,1
Richyccx,1107
Asphult_,876
throwwaaway01,5
IamQuarrelsome,44
Reggieballs,5
EdgyAndDull,5
blowawayaway,4
iRoam,8
deus_vobis,1
transition,1
tylercor3,1
timjaturirepa,1
ddaaddaadd,1
bronoktecolseme,1
Bloody_Poo_Shrooms,1
Th4tOn3Guuy,1
Sword_of_Caliban,110
HellsArchitect,3549
Nielfink,109
Janglespruce,51
kuri_sanTou,1622
username444444444444,2
A_Bugs_Life,13
CalypsosHeartache,7
SoyElChupaCabra,11
StockGuyBob,6
truffflebutter,7
12345hirc,1
Tenserspool,3
ganjir,2
uterqe,3
bkudrowich,404
I_GUESS_ELI5_POSTS,3
gertylooker,311
Chelseatobe,42
Waterd103,164
Broxzier,85
nervous789,2
alexiivon,2
GZeus88,17
Acelaquors,3
SisNetAkademi,1
Surrounded-by-Sea,1
Ronaldo_CR7,11
BitcoinSuisseAG,125
Primus32,311
MaurusMahrntahn,780
RYANITO237,31
UncleBen-,12
hownotrmter,4
bellylover711,4
ilovelavabit,10
jhuachani,1
RainJay,1
salty-swoots122,1
00qkp66byn,2
pologarzanavarro,2167
Slawg3r_777,324
abigailbreslin,81
chethedestroyer,78
Baklazan559,19
_walrus_a,14
anniebananievt,1
fuckin_ana,1
Polaris2014,2
bball-er,2
nikkinooch,9
keplerian_ozone,1
Haxnow,3
flowersforthedead,1
unseen_damage,5
Impi,1
1971throwaway1791,1
throwawayoutlawrip,1
nazarammi,31
bittensunshine,6
xxibstp,38
jim116,5
dicks_are_forever,1
asuka303,1
KaptainKuKlux,24
chelsealt,2
OGNobleRebellion,1
pewtermoon,3
Priketelle1978a1,1
Nomnomhead,1783
Jublusion,1495
SaskatoonRJ,848
debitorcreditor,2
theghostof_hst,44
georgebaileysghost_,5
dhrlnu,2
EasternStorm,106
ChaZZZZahC,121
s5g,26
PerpetualNoob,30
Mark_Shields_Sucks,1
screwithacaslumlords,1
mondetebonre,1
Digitalmind13,1
ivyliang,1
Murfeys,3
illi-trol,161
wurpp,8
beezykeezy,49
derpherp119,1
SloppySteam,5
CHINKA_NAAAAA,2
LowToneMoFo,1
rab077jackson,1
Esterrific,1
gigaprincess,3
efferkitten,3
sfdb100,1
swedishgirlthrowaway,3
All_heil_hitler,1
throwawayffbe123,1
PredateurFG,1
FaptoFany,1
Sjonkie84,1
PremiumServices,2
thequizmistress,1
FrenchBunionSoup,1
Kasdeus,448
desertgunbunny,412
SpootyJones,549
slpytoast,20
grapefruit808,8
Checkemref,264
KarliahKitten,184
GoinGCrazy223,2
EroShenin,3
RupertCornelious,24
xCanGaroo,3
MFSelf,1
sQuinteddnm,4
MithicSpirit,19
DHokage,2
cepsandrelnaagital,1
themadgiggler,355
Hatemethroway,4
HM_Throwaway,2
gamaru9,13
Swerdtfeger,32
HandeeUltra,8
ambernightsco,6
Wissual,1
Iyohui,2
bumblebeedtuna,2
WhoIsThisKasumi,1
CasualYin,1
repmaster88,5
kingofshadow1,1
Chris828hxc,30
Chaosballad,34
president_chubby_bun,1
CitsatnaFrM,4
dealermall,1
WordsnStuff2468,11
I_killed_my_fairy,1
random__ginger,1
jpemz,4
ThrowawayAZbottom,1
jboparai,1
zqtrys,1
jjfour3,282
raford,108
jtmidus,1
Nawesemo,678
natelouis189,160
PamFromArcher,228
Rotten_Orange,141
TeenAccount,10
rockthetop,4
LaVerne_fan,1
lolyoucantbanmyballs,1
Kiddiek,16
xalmin,55
nacho_slayer,8
Banxia,2
BlackRoss,9
kacem,1
Dental-Doctor,2
d3v4st4t3,3
ThorinOfTheDarkWoods,24
rosgaard,10
teacherdataquestion,8
MrHologram,3
gerabhito,5
Skollseye,87
inflatablestoat,131
zeke14,20
GoodVamp,91
SUCKING_YOUR_DICK,12
Phuri45,183
BoBurn12,10
Suffocated4,6
ecigarettescanada,2
sw68,3
throwitaway12629373,2
kingstone426,13
VenusSpell,2
Mutti_1,1
Colinlittley,2
WesternComa,6
KnightTime94,2
medgies791,4
throwwaybumbumbum,1
l5l0f2x5l8wdk,1
foxhoundshade,2
kfall87,1
HipsterMustache,56
andychanglee,1
cheetacox13,1
RayneHavoc604,1
mintybobinty,1
alexquin_yahoo,13
ovhatobanksigni,1
Paulenski,253
Leo_Aiolia,310
MehakUK,6
Myth2Pro,19
MrProcrastonator,165
NatashaWong,1
buyao531,67
yuri-zhivago,29
rubberrazors,26
Borderlandsdiehard,1
ragingquattro,1
jeffbcdm,1
Slutmonger,93
stevepbrown,1
asdf7877,3
usinganonymousname,1
RubyEast,5
BinarySurprise,1
Bassisttotindekist,24
ArchFonz,2
seyunejung,1
Sasbert,1
khourydentistry,1
Juicyme,1
ImASorrySonOfABitch,1
falafel1066,2840
Whiskey_is_love,249
jhunlemon,762
Cash_Lion,251
tomasi85,3
Aceholius,3
BoxShart,25
LDRthrowaway5,37
qwertylzm,4
KennyPortugal,131
bibikins,27
imbaspectre,14
surfmatj,1
Mcmasan,1
raistlin_13,1
quitthatish,3
ZealousAdmiral,3
Puffin2599,31
yxcvyxcvasdfasdf,2
khrishan94,1
username_is_pasword,1
brokebackmount,1
mydoorisfour,47
meownz,2162
reeeeb,7
emriggan,1
cheloP,1
maxxamillion,2
tumppi18,1
ConanTheLbrarian,52
ardatrkmen,88
wieselkiste,37
Bojilliams,3
PM_ME_UR_DCUPS,7
ReggaeRob,1
astooic,1
pedot,662
jmantheg,94
johnmoss16,17
MrAmazingPants,654
bakstered,28
MonsieurFixit,661
NYInsomniac,1
op8867555,22
Crusse5,8
chocolate_tea_pot,7
adkins05,5
wraparoundpartner,1
NAPKINFLUFF,2
nate1322,1
the_Bear99,1447
LeTarpoon,44
19Alcibiades87,636
TexasBoundAgain,17
ClearSkyFriday,3
birmacher,1
PLS_SEND_TITS_GIRL,3
waqasbhai,2
Shanliang-,1
mochalatte2,1
cuong7,1
OrisykaLn,1
polikur,1
SwordSlash8,13156
MrExpert1212,1
Cigarrauuul,377
SirFrozenwater,24
StrickenDayz,7
BBMess,9
Jono6504,41
FreiSchwinger,4
CaptainMalone,5
TheSnakeSnake,270
Gromorion,3
r3l3v4n7,1
ladymf,4
StarDictionary,5
igetcrunkman,1
just2time,7
Delinquent83,2
subg88,9
baxterfied,68
soyunintentode,7
Bytemeister1,10
tehninjo0,6
natfire,14
kodiosborne,2
MerkuR_,23
KulectiveByte,1
amberxoxo,1
Goodrichguy,1095
tip_of_my_bung,106
Klaytos,19
Hardlung,109
Sorrells_,33
mradorabole,10
McKaylaBug,1
TerkNet,5
UniqueCracker9999,68
vampirekitten666,2
dragon-knoght,414
War-Boner,77
Calitoker44,12
hungerOfThePineTree,1
LubraMagn,10
smlltwnboysdoitbettr,73
azharok,8
_pbau_,4
LeagueIsCancer,14
googlesuxthrowaway23,2
theLogicality,4666
DogIncestThrowaway,297
Avuxy,183
Bakemi,253
schwingaling,217
rachidankkofmami,1
foxdiddles,24
ThatsProgressive,2
KiritoKyun,12
sun-burst88,3
droubIe,17
Psy-sigh-cyclone,1
Sulinium,50
Ernest5Rice,2
plupperina,1378
jmtoledo,1
CaptJammo,20
EAGLEINTHEDUSTBIN,15
ssj_zeon,1
scubasteve630,1
AlexKnowsBetter,3
chazwagstaff127,25
ThexSmokingxFoxxx,5
steffoni,10
deathbypowerpoint86,2
CaIIuminati,4
Myksele,5
Pederhenrikseglund,4
MECHANCIW101,1
Patreyu,1
snrarj,1
Gankbanger,2521
Carstus1,87
nitroll,482
altashheth,8
NotHermanCain,29
Tomoyos,5
Jhau96,2
amellymerry,1
Rebels24601,8
obsidiun,13
AlmaNomada,89
CodeVeroby,2
mkslt04,30
anthonyhopkins14,2
Trexsexx,1
sniffysenpai,1
MrsMendoza,6
lordeeee,3
JohnnyBravoIRL,1
lifehaver666420,1
Rokey76,6199
money_house,1854
SmugAnimeGurl,34
akvolilio,155
T-RexShapedPancakes,3
UHCPrime,11
redhairing,47
pmurray90,2
whatimeantwas,1
Antialluvion,3
TyrNic,2
Tomato_Goat,2
uhyeahsurewhynot,9
for_a2k,1
Suraj_646,1
Nyrlem,1
tsk98,1
DwarvenBatman,2
eavisuneliquids,2
QuickThroBlo,2
Sloddor,123
Dman1211,25
Pinchegweilo,35
TurkAirsoft,1
Hubris_by_Nature,191
RoneRanger,17
RedmondD,2
fsiddi,5
evertonwannabe,3
slime2341,3
Tavada,11
hero1974,20
Heathurrichay,3
Charles13,1
asheviii,1
goofydude41,10
amivacsecsingli,1
Unvoiced_Apollo,2
SAGGY80085,1
benpaul5,1
WufflesYellowBiscuit,11
technoboylt,28
ZA_Lion,65
seaweedlove,1
papalino,1
Xbox1Xirian,7
liesofathrowaway,1
M1tbus,3
JMTechR,3
jeffc_0921,1
johnwilcox12,3
violetvgn,1123
karlriha,32
vmarzzzz,69
ryko25,1116
Sphericality,323
rhino138,76
saqurios,10
NathanIles,2
lincolnshirethrow,1
UltraLorde,16
hdiep927,7
robgarciasj,2
AstroD1no,1
STrip12,2
DidalaYooo,1
The_Bergamot,6
ALeX_ZeR0,1
suivatco,2
Jongunsmoke,1
blondemidget1,2
maindawg,50
DustClaw,60
jovanyee,58
dannite1337,3
Elolia,8
fituncutbull,25
JohnnyHarris79,1
relevant_AD_quote,5
wasthatlife,9
okonokos_2,1
bulletins,2
34m12,1
Turtles12319,6
prash42135,1
Ronaldblythe,3
beachbum85,6
Sweetlea,1
unknow1234,6
morixer,1
JDelorean,1
stickylittleboy,1
claraoo,1
creepacreep,268
mieciu22,1
Delihliana,2
max_wulf,10
freeedumbbb,13
MrDixie,2
Schoolflow_app,5
suragura,2
the_189lb_wuss,11
rosayyy,3
temp_guardian,1
chandljs,4
SatansSodomyBaby,1
gingerOHsnap,1
classact10,1
oogtroop,1
DANKEST_OF_MEMELORDS,1
MeanSmarkCallous,1672
im_larf,264
Commander_In_Chef,336
xLecko,39
picobean,18
hets91,13
keepitanon12,6
villa1220,1
Abraham_Lincolnn,2
knom,3
tismekitty,1
WorksAtBank,68
Graxxus82,1
manish7111,26
jakefm,1
aGuyinPurple,8
arzl,1
Brockletops,9
Pacojbd62,3
Dnmlg,6
joe-fix-it,1
Al-alawit,36
FlameCaller35,1
niteverlaroole,1
RandomKingPiggy,1
zzzboom,609
skeigh,70
Impluere,235
Fabienvg,149
dea10,23
OmBiEaTeR,89
ryguyry,88
Zantetsukenn,2
Spokenn,3
only25,1
fap_daddy,14
Amanda_OvaOva,19
ronaldoA,2
handsomeornot,1
lelsea3,1
embrante,10
tsettrams,3
feclaisingthimcena,1
Snailtag,1
Jacque_Hass,1
LordKarne,4
deejaysteakdaddy,29
Vinsep,446
Xatrak,109
AnnaBlair31,1
Floy1752,1
missed_the_upboat,2
impervious2captcha,2
BoracularSpectacular,2
wax125,1
ocdthroaway4839,27
Wrinhf,2
IcelaSultan,2
PeasantTiki,3
Jez-0,3
golemkinderer,2
tf113,1798
TopShelfTorrents,9
aeroboy93,190
__rxvaxtxux__,1
navyblue1234,7
leeharveybollywood,8
Csilver_200,1
GOPSharia,2
SDR_C-span,1
stuie1994,1
foshogod,1
theonetruestripes,1
seadog2014,1
Do0k13,1
DavidScottM,412
_Captian__Awesome,64
NicoleLapin,1
m4ng4n3s3,20
Alohahaha,2
Professor_phil,1
dannydoom,30
darryldave,2
srombach,9
obi1knabe28,4
AlexMerkulov,8
InDaLambo,1
Bostedor,19
ebiraz,1
KieronPellington,2
hriwi,1
duckhk1,2
sveicinats,7
TrishSh,1
Ztuga,1
Claffyy,1
Funinthesun777,24
Laughcrybaby,534
Greenpearr,628
Esroh8,175
TallJam,48
zoehenry,2
TheWildTortilla,10
olympicfarts,3
xkatnip,2
Throwaway19z294,1
beauley1,1
ricedaragh,4
surajvats,1
Bevo5899,19
advertising-STL,1
Fifaplayer22,13
BattlleTendency,22
alliejaythrowaway,1
TheSunDontShine4Ever,6
ElPistol,1
smasherx,227
GatekeeperHS,1029
Fishmittens,58
Davetruth,7
xnocebo,9
Photozhop,11
xssoft,2
Gasque,62
Racquaza,44
caleigh-fornia,1
nerdnurse88,2
TotallyNotMakingMeth,1
jjjjames89,1
baseballjunk,2
Well_The_Truth_is,120
HolywooSaa,53
Shandiss,42
DryMouthMonster,58
GayLubeOiI,5
Loki_Fellhand,30
War_Eagle65,3
ElectricMoccasin,6
hansolodolo,8
don3,2
rbnbr,14
Dptguardian,3
Mokey_Mouse_House,1
redbull982,10
perobscurus,2
Purp3,1
PpBizonop,5
croco-yael,140
peskyChupacabra,733
devilsadvocate404,2251
AVerySmallWish,100
ldharris3381,5
jcpseudofaux,5
rhs023191,4
BorathDDP,1
giri04006,1
The_FoodFighter,16
Etrogate,3
zakdirk,2
OhioThrowaway3,3
lightning22554,3
CANultimate,10
one_on_rock,7
Barrafister,26
Wazzouf,3
DJDeadPixel,1
2Vexationz,1
Dunis96,22
jeffsp12,31
tept,14
josecarlosc,10
knotchomama,4
why_am_I_here_Trump,57
Craxen,1
bawsaq_666,3
goatse_jollyrancher,1
BubblegumBitch26,2
andreag95,2
glRnIVF0mIbcb6B,3
ranherself,4
Toahodges,1
bitingclown,624
dragonfrugal,930
HelloMyNameIsDrugs,16
monsieurtruffaut,195
Cookiejackie,5
ArtificialExterior,107
jumbomun,11
abidtravel,2
shandymare,712
alfabetagammaomega,1
kawhiequalsgod,7
Catatoneko,5
Big-Buddah,31
aydowntnow,34
becknificent,1
hyperfard,1
Rsinke,1
ThoseBooksAreAwful,1
Space_Chuck_5000,1
crombolist,9
the0therwalrus,17
YesButIThink,260
UnsuccessfullySerene,58
ChangeableTaffeta,67
vergelij27,1
dark_alien,2
mydoghasapassport,20
Stone_old_bummer,74
sharingmighthelp,1
turdshift,1
ThrowAway7294239,1
LGBT_for_Trump,13
pokaaaaaaaaa,1
kyletravis15,2
v0xeI,3
b1b1u5o4c8m,2
michaelbrgmn,2
throwaway772137,8
ihateeskimos,66
xMPx_Halomaniac,2
dbjr90,70
baylieleblanc,6
ecmoon16,79
Princealber,8
RenaissanceBHM,3
pppops01,23
anikifantasy,5
supOBj8VMj,1
AliceJG,8
Alwayshorny7396,3
FearfulLeopardTGS,4
Aleksios,1
ishi-mk,1
ThadukeNL1,4
azharr458,2
GermanicusII,1
throwawayhelppp333,6
pb2665,1
aggagagagaga,1
mentizzle,47
emilykirwan12052,7
SETOFCURTAINS,2
Berserktkd,35
streetarthistory,3
dr_holliday,12
Nerevar_de2,13
PRpunch98,1
Im_a_vain_asshole,1
Habbinash,8
hardwoodycoffin13,32
elteacherfig,1
rnjoey,1
mstxga,11
deceitwillrule,1
Blackstarox,11
Menjy,218
athomeintheclouds,8
johnmike02,2
thisisnotgoods,19
BHarmo,7
notsowitty,21
African_thunder21,4
imyourwastedlife,3
SlodBod,3
igotchulittleniggach,1
throwaway092381,5
Bad_Vegan_Blowjob,2
cudddleuptome,1688
HodorIsMyGod,12
Webbedface,1
Tamino1,2
mivor,14
CrankeyPants,109
kevin911,2
buminabox,1
AnimeFangirlApril,2
Johnbjohnb123,1
REMIXI,1
RJL96,17
-890,22
SumGuyontheInternetz,55
thecaptain0230,1
xlls0,1
MistrMani,2
wdswds,4238
slightlydark,14
VlasicDoesPVP,3
I_Hate_Hollywood,1
totallyincognito,130
toomanyusernamesomg,2
Knopes_Spin_Team,2
Matthewleib,10
OnaWing,185
brownandproper,1
422Viking,15
Makota805,6
CosSinTan,5
acama23,14
jonasvasaenuwasauce,1
JpsportsRI,1
thetransfermaster,1
MangeraiMonCocque,1
plshelpmefixmyfeet,2
Alastor90,1
tuvistavie,7
whatswhatswho,1
kenniiboy,1
Charles1202,202
bl4cktongue,532
helpmeplz91,9
mm_lele,190
mcas83,331
Loeie88,1
Bench_soaz,1
finding_nico,21
omiSEM,6
lanti2,27
ltannorax,9
mmarius13,4
BamBam2389,1
a2zimmigrationservic,3
away_we_throw_again,1
Visions132,1
account4trolling,159
krafty_aly,32
Le-citoyen-moyen,1
snapchat4me,8
farttromboner,3
lowmiller,30
HeavensTahBetsy,9
MsAThrope,1
helenaz2013,1
DangerousPacifist,2
candelabra40,1
TheNextBiggieThing,4
kareninamoelber,1
8.94943E+13,1
Krohnas,466
Jesterbomb,264
Kael_17,5
Quadzeh,2
ithinkimnumb,19
Sky_Heart,120
AMA_Best_Sniper,1
keytchison,2
lildawg13,278
emchluke,32
AgentSmoke,8
dfranco9278,7
cartmanjammies,1
PiroCopter,18
AdagioBarber,7
lellew1,6
lailakhaan123,1
dyaos123,1
kroffe,2
dimasssik,3
NerdPlayzCarbon,1
Gr8aTH1z,5
Faming12,1
dgmua,1
JakeMuller,2
VIRUS-G,2
coucou123456,1
wildtallywacker,472
charminboy,35
GandhiGolfGold,68
BreakX50,268
MeepingKittehz2,1549
Daguse0,27
CuriousCatus,6
leefyviking,3
Kayaitah,63
sahdadam,2
hahafgt,1
swingthrowawa,5
finch0011,12
taptopi,1
ydoesthishappen2me,5
turkishtern,2
ubcda38,1
banana_fleet,2
Megane755,1
UltimaGabe,13619
gorjusgeorgus,992
Cup-o-lean,129
VRedd1t,40
phatsax,11
RazieltheFallen,74
jjfeller,30
DavidBowiesJunk,4
svntysx,172
Armesne,45
waltF,3
4.98732E+11,2
QuotableQuoter,1
thecumshe,1
spit_roast_me_,26
spurdooyy,1
OCEGAMING,2
girlinpinkdress,2
HillaryShill69,9
DBLTAP_esports,3
ejbk1584,1
CowIsLove,2
Soniclover2,1
blakers5044,1
Carmen05,1
Guccibaby13,1
mapoladetalmi,1
Chachathefox,319
e1t0r0,218
SlapDaNips,1
sooty_sooty_soot,4
mishmish22,8
MurkyK,19
0noir,12
Yakkas,21
HooRooGreenApples,18
mydaysoff86456,7
box112,1
bigboi1353,1
llewynsparks,1
AnExcitingThrowaway,2
dirtylittle7,1
Timofa,125
liquid-blue,1
Fluffymuffin27,2
vipulnaik1,3
scustymike,3
FaceNapalm,22
Awpsbane,556
benros1,1
kangjose,1
Szincza,8
mayugexi,1
ucsdxD,2
Elder_Kdwh,99
Octopinambour,2
zero_one_smicha,2
ready2pac,8
zews_miester,6
MHStechdream,2
MarvelousPrick,2
Pixelcide413,59
BathtubKitty,12
Asstird,2
zappy_32,91
Tydawg09,19
cookeh212,8
NOT_A_NAUGHTY_PROF,3
SoNeatItsCool,18
RebeccaTheWeirdChild,6
h1p573r7r45h,5
donnalhutchison,1
musicalgrower,1
sinaolet,1
confession2make,11
Donarthur,1
JonathanKalinski,4
Anderswulff2001,2
WhySahSerious,3
xsnt,11
ClothingLotus,1
waterl00000000,1
hudsonvip,3
guccimaneee,4
RubidiumCS,1
NickFosberg,1
Al_Cap0ne,1
Ghazter,371
D0w0,7
FiftyShadesofGreg,4
tayxleigh,14
chatnic1,316
kelvin348,20
Ultima011,26
xhighfiveghostx,332
_ijit_,12
Aoshane,16
Dannyk06,38
Spacecowboy80,1
bestms,1
missplis,20
Bert-Arn,2
Swiss-Neutrality,93
Domme_Lady,1
Financement_Express,2
kdjoker,1
Driblus,11649
Marion_Cobretti,745
Bazokka,8
raywan,17
KMascis,77
Product_of_Humanity,79
Nacho789,20
BingoBongo9,3
wolfdance123,2
wardenn,11
bandit2049,1
2tantabs,15
SuperSaltyGamer,64
FastToTheFun,4
TobiBVB,3
SuperFlyRio,6
FitnessGreen2015,2
Istillwetmybed,1
geovannybarrantes,1
mjigs,2766
newaccount390,562
ImmortalFlash,5
Iron_Mike0,258
Orangefriday,104
thisisfordirtytimes,1
redditwinchester,58
feld512,1
throwawaydnserror,1
biggav28,3
Xemoin,5
rescuedlotus,1
WUSME,1
csamaru,4
Misimaru,1
hiramross1,1
assohameeo,259
Papacherries,3
hokeylolz,1
512nusie,11
robotic_kingpin,1
LTWW,17
doitforthelove,2
blackzero72,21
yellowstretchydog,78
avoidinghome,8
Dnnlmm,5
sandvich45,2
littkesoulz,1
JerseyJhonnie,4
mitterkrab,2
Motufan,1
calamityslide,1
esundell,1
tmillz1293,1
wavelets,1
vlademonkey,256
mattias111,92
Protato79,32
knit1purl1,44
Jermey_Buttlicker,1
CountCumula,3
obsidianiv,5
markx90,4
zerofoxtroot,2
JadeLunara,16
ghboy911,3
newiserhere,5
cbranch101,1
ATL_Dirtybird11,3
Jordan995,1
Bluejay939,139
Shekelby,152
Akela_hk,333
tasty77,73
Roadto5K,77
Sloth110,2
Seannachaidh,1
dml408,11
draigun,81
niyox,13
Jhibro1,2
wheeler31313,44
Nex_Reverto,6
grpt-,11
xcip174,3
PrinsdalGutta,10
iamthedrfoster,1
xJzone,1
KreyGiraffeMan12,1
Lord_jesed,1
yogamecca,2
Throwaway85773,3
Vichy18,132
humananimal76,33
MythuresABC,2
H_Badger4Life,2
andreagosto,4
DeveloperDownUnder,50
beesaplayingcarry,3
CHADAROCKS,1
m1mg6y5n3x0elc,2
clifkulabcaleali,1
Gamingcat15,2
SandrujaLaBruja,153
pfthrowawaybazinga,1
Whatishappeningwtf,5
Sseriously,147
Nighthood359,6
cadeofspades,19
youdumbo,26
RoadBell,1
1Gumper1,14
Metasytactic,6
ilovemyanimetits,1
rtore,4
thereguleftbehind,1
ElMachinerino,2
GrapeSodaMorning,1
conmodutotifo,1
TheNickofbe,1
igorvalene,1
AchimC15,1
Kmacri12,157
Impossible_,2
cha0zbry03,6
RGD_Mod,10
d4c0v0p5d3n,2
wawiwuwe,6
neikosys,15
MizTen,16
athomepaychecks,3
QualiaBoy,4
kaviarya,1
Heskee92,1
csgooomaster,2
jesse012789,1
Walzy1215,1
memoryfinder,2
ThePensivePanda,485
gson_96,50
VikingTherapis,793
bantha87285,20
dogfacespaceless,2
Badtothebone212,15
legendofdrizzt,1
almostgrewmyhair,14
pskuro,1
musctech,1
Alexm0390,1
Commodore_64k_bytes,2
PanteraNoire,5
NotStephenAmell,1
bullonfire,24
schnapsideer,531
UTAustinLonghorn,4
Screw_Cats_,153
JustinVA85,1
Thoroughawai,4
codarl08,60
ifoundwaldo,20
ontheleaves,3
nsfw111,1
Roundy3000,1
pvols1979,2
420_Kalista_1t,1
BadPartofTown,1
tewelll,6
JeremyVineOnRadio2,2
Dancing-kolibri,2
BabyboiBabygurl,71
bakedpotatowcheezpls,410
hitsukima,10
sheep_zilla,9
CoGrown23,25
Cockforthehomeless,16
JustDumpHimHer,4
mygirlfriendsbutt,1
RadoNko,2
Wootwhatimafurry,1
defortunecookie,1
MotherVoorheesUSA,2
schufa,3
shufflethedrums24,19
FailUnlimited,8
JWooThrowaway,1
ASDtmepalt,1
Sonicman2000,1
c_igarettes,2
unscrubableilo,1
Bryant0625,486
amiRosli,82
RaveniaDarkfae,8
Peeta2013,8
Samc11,28
Dillywin777,60
VendorBusiness,12
CreaserFolds,4
look_out_,3
Steven11051991,9
ccb2553,7
cmthe4th,1
mikey0133,2
makeesi,1
lazanet,151
HiTyPlz,8
zombiified,16
Victoria_Albert,2
niteowl1980,125
tianweirmarandy,6
kstockk,3
selfdenile,2
mousemoar,9
xywok,16
mau,9
RogerPotts,61
VenialSin,1
Peachyasheck,3
Guinness3,1
JosephMurph,1
nthwave,1
arudell,1
Taureankori,1
muhammad877,1
Throwaway943734,2
culatmeso,1
gnmtalongtchum,1
Avant-Gardener,1306
hurt_me_good,190
iDerpHD,91
DirtyKlam,13
inkogketo,6
ThePurpleFlurp,41
TitianGerm1,21
NicolasNicol,3
fherte34534535,1
spenny_the_dollar,11
ccam75,20
illderp,4
pinkblushing,1
piaeb,5
kellyshepx,1
gfhrttrhxc1,1
mobmorgan,1
julezz420,7
Gram5tain,2
UnclaimedPlants,2
seatog,289
nonecare,54
pureblood88,86
SelecksStache,1
IonicEzio,2
speedyclouds,39
tinabelcher11,21
LuvHrySLC,1
SIMORRA,1
PM_ME_YOUR_FRIES,4
altobarbacoa,1
Roebuck_Payne,5
SignScience25,23
jerpol,4
Nokachi,2
1010dave,1
Swift_Redone,1
AnTiArcher12,3484
TheVindicator,41
az6707,13
equotic,78
TheMasterSaint,5
Someonehelpmepls1,4
inagabby,1
madame_pancake,14
onourwayhome,30
Marathehuman,10
smallbusinesstalk,1
Svenir_Mar_Saronson,8
scholarlylotus,6
rock_and_hard_place2,18
jacknit_in_san_diego,2
maikeljota,2
SunnyNausea,1
mndsfhg,2
-Night_Wing-,354
projectfear22,14
snarkybottoms,50
AdaptiveEfficiency,5
Waffles_and_Pancakes,2
Havok25,1
dfsgdgfsdgfsfdgs,1
JackTheDKLC,1
IronmanTraining,1
Accountforthrows,1
fiedgdeofteuiyteofh0,3
iwb525,1
_citadel_wyrm_,173
radio-waves,168
sashankle,360
Lloyd1212,67
frenchcheeseguy,69
jamiegh1990,226
Incognito_oBurrito,12
jamesoart,4
tanninkline,1
Nomabz,21
tacticalDrumgod,1
The-Toybox-channel,2
tossingpoop,1
nytr55,1
jeromes7s7s7,1
ScottAZHanson,1
Angelo00,1
itslikeiforgothow,208
sp00ky_j,136
Cheese_With_Bacon,850
smokeytron,223
Rtimberman,48
themuddyllama,4
schizo_orangutan,37
oxen989,8
Djjf0606,1
Blueringedoctopus,12
Bironate,1
Let_it_dye,2
Magnikai,18
Jeff_the_ma_fucka,51
rhsh9,1
randomgwgypsy,2
ShayPup,1
ScarNeck1,41
lewishax,88
99redroses,66
CJMsoccer,7
Bdish22,5
ItsWhiteFang,3
BaconAngel,1
gonthrowway,5
Rnglolz1,2
AbraTheProducer,2
jpht1211,19
akekdldjf,1
Jabbalokk,2
nonstopmuffintop,840
Twisted_silver,8
kathiee_,4
addmoreboostersjeb,4
pqeoieriyr1092,1
alesperon,1
LordDage,1
thraway228,1
Unknownstudent1,1
thisisnotakitten,1
fx11,256
george192,47
Lopsidechop,169
KQRN,5
YOGA0320,16
PoolTablePros,7
pervswitch,4
omcthrowaway789,10
hippochris,8
don-knots,15
dnierz,1
throwawayclassismfas,5
Rowrow1015,59
Melayan,140
kneegr0wplease,13
ASpitefulCrow,21
ehmdeebee,6
tonivelismeow,51
MostGenericThrowaway,1
555-schnitzel,7
akashh92,1
Erection_Protection9,1
unique-505,1
Caed194,1
madmax27,2
icetep,131
Psychotic_J,530
GangstahRuthy,14
toney8580,21
743743,58
frikfacee,70
abcdefgxyz,27
BrenoKushLover,12
DBRZ2,26
OtherMother2,68
Fondle_Me_Silly,25
izDarkangel,103
CamieSenpai,2
premo101,1
DeLavaro,2
geldm3twbsite14,1
janimarte95,9
FirstLadyOfCats,6
HunDaniel,3
Dtors,1
ToSHIPisToBelieve,1
thomasav,9
BubbleliftSenpaii,2
Och0_Muerte,1
IamsoKaley,4
farradayflux,1
notepadispro,1
R3DUS,1
MrKerPow,31
righteousragdoll,49
jctwiggs,1
kddyrapr,13
lebushman,22
Gamwolo,3
lgneel,2
OBAssassinater,1
Suckmywillybilly,50
E_x_Lnc,723
markh1515,1
lemmiwinks920,42
ChocoChipCookiy,17
dinhu25,1
lazygenious,1
HypebeastAlert,15
quatorzieme,4
C0smicPanda,9
daniel604,1
bmlbbw,3
ouroboros86,181
Vespher,333
RedVeil,166
bjjtrunks,125
elliotvs,86
cranerfish,1
jeff19992008,4
ps4lady,2
_mingie_,13
lukewarmshot,3
djfunkyslick,3
CYEU,16
cynicznycynamon,1
OzanDrums,2
hidethebacon,26
vince304,96
droelf315,3
parisheart,7
Throwmewa,5
Anigo_Montoya,3
gogocripm,3
Logic_Bot,2
ONE_PANELIFIED_RAGE,8
mickmuck2001,3
koopa_da_troopa,2
le_mondo,31
humphreycummings,8
mardiolegmeniry,1
NathanialGausman,1
puppy200,278
iamtheEPA,1010
goalsem,14
ambulancer,29
mark1211,4
aggiehelp2,2
InopportuneComment,2
ClandestineSubRosa,67
Beerandon1987,1
2thumbs_up,1
redsoxfan03,2
hehyhhhh,2
omarissa,1
HellthyDuality,3
MessiNeymar,2649
micsoul,31
bike_hike_sleep,59
thebodonkey007,39
MibsXX,14
candlewoodsuitestx,1
howevercomma,2
ILoveBlueSocks,12
fzct,1
AlreadyDownvoted,2
BritishBobby2015,1
sky_rhandy,2
minooanon,2
jordanss2112,6
AceBoogieOver,1
Dewey3k,1
Internet-Tuff-Guy,6
Leslang,1
MattTO1,1
RiikkaSofiaS,2
excelbabookkerbdeng,1
HoozyB,33
chubimaster343,8088
MeanBurrito,426
chrisefaw,824
mushass1,1
William4570,6
throwedawayMF,1
umard,1
ToppyRock,3
SlowerSteve,1
Runzolf,1
tinderbreak,2
mersby,1
sgoni,1
maybedaddy1,1
newaccou,23
chatmansave,64
hello_kitty2014,13
jimmyderoro,18
Vaunt-,5
AmsterdamAvenue,3
MrsCaveman420,32
BoastfulToast,2
smarren12,4
ashmore2014,1
Deceitfulness,3
ChromeEagle99,1
sosoho,7
TheVoxelNetwork,1
lucasb001,2
GhostSniper828,2
stfubitchboy,1
DanTheNarwhal,1
tommie2,2
NJCuban,375
tater_tats,15
Lymthain,452
imdepressed21,1
disillusionedmackie,6
DJansen,4
Mantracker1,13
Quitco,1
KekMudkip,7
pokeshermanoaks,14
froggytufu,2
vlBapeGamerlv,1
saifur,1
Bruznica,7
pigdull,10
esrafeil,2
clubfreecam,3
IndoHodgetts,1
quentintarantinocock,1
Super_Nebula,118
nikkaramsey,462
PoorLittleRichShibe,19
flesmih,805
Sublime1038,6
MattiFreeman1,3
brit_draper,2
dylanc07,15
carlpapa6969,1
axmurderer14,63
noimsayim,2
nlerdhundlers,27
Goober177,23
Empresspenguin500,1
Professional_Bob,14047
stevetheclimber,258
LeonardoAndresRuiz,12
KimchiiKraze,21
FionaCap,10
Notahamiltoncop,4
ShadowyThings,2
Poppy90,24
ilovethe7thday,3
throwawayplastic,1
______________reseed,5
uloracarsey20,1
mscourier,1
Nobodyknowsmebutme,2
1981slimjim1981,1
PirrowsOfAntioch,1
joedee93,1
buckydonegone,1
mAACHECK,3846
HenFeichang,61
crxyem,244
Suncreaturestudio,284
orostoron,25
Truthseeker132,157
kellybowers,1
SleepyBedNap,10
fuckyoujacob,2
SGT51PNSLIDE,12
gornaya,1
emily_prime,60
OvergrowthAB,2
throwawaycinnamonbun,1
COYBTV1878,5
patrickpatrickpatric,11
srmistico,8
DisparitiesinDerm,3
ryanosullie,1
stormcloaks_r_better,1
pounds_genuflexion,1
emptytaste,1
LazyTheGypsy,5
mypostsarenotgood,204
MystBunny,87
akcstudent,14
EazyE_007,55
throwawayohgodcp,1
nbqwve,2
ecwaters,2
liammail1086,8
dumbandconfused1,8
silverW,4
grjones89,8
tw-nat,3
6limqf,1
NaturalRightsTalk,1
sometallfunkyguy,1
Drfuzzyballs,418
chronogear,363
delisauc3,136
cheesegrit,7
sheldonallen,5
on98,17
Marshy33,17
Investwisely11,186
Folficci,4
jadesaab,19
throwawayhard29,2
whatupdome,1
tempnamerino,1
LunaHoopz,1
railalis,2
Zerky96,1
4802young,124
BrianWulfric,2004
JoubleDumpKevin,18
wildman80,242
padilla_love,3
peteira,5
bigmandru,32
joesmith_big_pimpin,8
kileras1,10
frekja,3
Rick_Rolledd,1
gr8mightypoo,128
lemonsare,9
casualkid616,4
Myvoicemyfight,1
intwidimala,6
judgmentfreeee,13
account_reddit_123,1
EpicBlaze1,1
autotelic1,1
philknock,1
tomwilletts,1
cybacilandral,2
Humberto_Giante,8
madipb,10
Brezl,9
old_and_limitless,390
CaptRin,26
IamUnamed,30
lifesgoodH1,9
beema_62,5
MarshManGay,1
abundantprovocation,1
millioncareers,8
yoadcohen,1
malvern444,1
throwaway558923,8
DisforDepression,1
michael_a_lakkis,34
graveman82,4
charoodler,4
rabidpitbull,3
Triggerllama199,1
TWtoostrong,1
n0vanca,2
TemperingPick,1461
lportrait,421
LudovicusRexIV,6
inquiety,39
candacepswallowsme,176
Danielbund,4
LauraSplat,141
Coward_no_more,21
jaimesw,25
420_KUSH_YOLO_SWAG,6
Mikaliciious,10
waseem_86,1
ponyoism,34
throwaway9898989,3
ValorousBadger,46
Blackstar223404,10
kesfaw,2
nanobase,1
spicysandwich03,2
Mabua007,5
NanoReefReview,1
Need_1plus,1
batmask007,1
AlexSmith9572,1085
BADKID4LIFE,72
IIDutch,61
Salonqualitymustache,1281
corzuu,38
radioltp,1
jggcock,7
ThrowFor3,8
MBTA-user,6
GoCubsLetsPlay2,10
LittleThrowaway99,8
Maxifou1212,1
seacviliretimil,1
Estivenrex18,3781
PhxGal30,2
Incarnater,31
LtRift,666
SonicsShadowIsSilver,878
lightninglake,2
Vinckee,82
danivan420,3
DaSummerSoldier,1
craZymushroom,1
randomusername12284,5
Composedplace,1
Lanman221,1
widow81help,8
schwiftyjerk,2
Feefity,2
ibuildanewpcforme456,2
clov911,1
Ignideus,381
Let_Brown_Go,1378
TM4PM,13
WildReaper29,652
murderedcats,299
Sipsion,7
shannonastonx,14
puppylove347,258
The_Guest_,10
k2Datie,2
Golden_Hunter,8
Desmond_Tooter,8
joaoricrd2202,3
hnnnngppft,1
PEPE_KARLSON,12
Bradshaw1565,3
Jorge-00-,3
Cooltinha,4
interviewfithelp,2
LadyDowager,1
the-probot,1
vPwnography,1
fenton--,11
Drunkadelic,53
nolafeet,152
chaensel,7
BochteNarwhal,6
BronYe_4_pres,113
dr_landrew_5,401
gurkon,3
ac897,2
Ijustwanttolive83,8
pbjtyme,1
mitche11smith,1
Racanabz,4
l0stindream,10
sokukodo,1
andrewchl,3
deadlight446,2
sapphireskyeyes,559
arzan,56
the_people_must_know,350
ridmkse,1
joeydagre,57
chizzanger,4
tafner,1
DiscountHorde,8
jasoniscool111,36
taway32143,1
serebii250,3
MJcryingface,11
gerbby_fish,1
sshma,1
Carlbaby326,1
xeeek,1
JesseMckaneWilson,685
icannotcount,324
LittleChio,80
saikue2112,111
a7y0s4m7a0lrx,2
schoolsmuse,13
Puso_Lang,10
Baptizedbyanegro,1
CJFox1983,32
saa_saa,22
jmoreau323,3
unrealist_complex,1
e1357189,1
strawMan777,1
tylen01,1
50ShadesofRei,3
ExtraName12345,4
rickjohn2013,1
Mercltp,1
MyVanillaLife,1
unimagine19,741
zhome888,257
gdmuldo,908
NakedOktober,128
VictorWardJohnson,121
SuperJordan128,10
alecn1519,132
claypainter,384
mister-snrub,2
lymph31,82
drinkingfor11,5
jupitermoon2012,2
Krunkola,1
8-bitter,2
8.28905E+14,4
IANNAL,1
Ricardo_Perez123,5
DYL53,1
StopUsingWindowsXP,1
ukg33k,7
Rnosa,4
Nottrustworthyyet123,2
FatMycroft,2
Ploeffler415,906
babosacerebral,3766
TrophyBear,928
fazzoletto123,65
austinpsychedelic,426
Moldiemom,1080
Codymonst,92
ClutchnessVS,4
dcdeepy,13
Thenewkidintown,1
helpingphriendlywook,159
Troiler,70
itsnotyouitsme1,7
abdieljose,3
Not_A_Chimo,2
TheSilverCrusader,3
This_is_a_burner_acc,10
moltezzanti,3
redneck15,1
76044405,1
Transcb7,67
HotDogsOnJuly4th,21
VexFrey,3
ItsAboutTimee,1
Th3QuadLaser,8
Alcoholicforadvice,3
cliquekaila,6
RingTheory,1
larosaknows,1
LadyAndLord,13
ninjaa88,6
Benomaly,1
luis_hp100,1
kinkyivy,17
torbusmaximus,23
hydroxylacid,37
_FruitLoopin,67
zootrees,18
LuckyMisfit,26
manazoid4,2
ytud,23
vollter,1
atlaseinck666,2
SeanLFresh,1
arrowflot,1
AngieShillo,28
CavusHadron,4
DM_Abominable,6
shannongleason,2
joshjones360,1
Bluebloodedbuttons,1
Clown_Shews,1
Sniedazzle,4
jeiodgkp,4
pretty_wallflower,24
AlexanderJW94,25
leagueoflegend99,4
Copex,6
LeBanIIl7ad76,1
Sergico,1
raobjthroway00,9
Bloody_Enema,1
NoClueInHighSchool,3
noahzippittelli,11
thecookiehunter,2
Kevincool101YT,1
ralnauspondensleabe,1
butterednuggets,1
AndreMattivi,3
saucritlessdarb1979,1
nxco,29
zebra_playtime,23
Expedox,183
KingBullDog456,2
aftadaclub,1
ladiesman106,3
Norman1111,119
MommaGothika,15
inspectorik,2
Kronos_The_Titan,1
ianp12,4
djletech,1
lrkerr,4
franzgroutofx1,1
gloomypetal,4
chemcg,2
SirBob42,6
w1nn1ngz,1
Acetendyswag71,4
247KST,2
fleshstapler,558
CrazyNuz,2
Babycatcher_,168
Psychotic_Dildo,49
gubfook,10
arespuros,51
tommyflannigan,2
lingeriecats,7
DoctorWhoVideoGame,39
ThizKoolkiD,3
cat__woman,1
Omegeddon,7
MegKeiper,5
_himjesus,4
crapslingshot,9
Bran04don,2
RedditModsDiddleKids,1
marcovpAMA,1
N0FallDamage,7
adsaar81,1
BeauFish,1
Awel0ch,1
CheesyPantz,2534
vastico,152
MadBlax,98
jcancel17,8
Palumboguy,5
hickey17,14
Diego-Maradona,3
ducpatibercode,1
asdfhdafhadfh,1
pilzekiller,11
fieronis,5
Timmsworld,2
MON4CO,9
pfsense87,6
wasesaw,2
wittzy2,3
p6pj6d6q6b2hof,1
roygortalamiscoa,1
forhazhongdacdthejet,1
Ildoge,2
hfmgm,2
00ctt50ngt,2
iheart2code,598
TravelByBalloon,57
ilovemesomecake,15
RastafarianTargarian,1
3legstall,96
UnimatrixX01,24
macchiatojoe,1
luked19,11
clgolfcart,176
masterdogcl,37
advenus98,7
bad_things_are_bad,1
ToxicantCoffee,1
Ilovechurrosandbeer,1
sexmind,8
truebubbleblast,16
HunderdPissedOffGods,2
tnkandtummy,161
Necrophag1st,458
RatesBasedOnBoner,13
koreyhunt,51
syme36,8
foolstruth,7
Invisiblecharles,1
CurrentlySelfing,10
skoles7,1
Jemoeder11,2
Best_BBS_Clips,1
KaBaZPG,4
thantlist,1
6Echo,5
Simpspark1,1
everything_is_free,7755
Jay_Zero,116
EddMurph,3
cheetopuff1,57
The_Human_Centipede,2
branplayer11,8
srp6,43
DawnTheRanger,39
MasonsUncle,1
PM_UR_NETFLIX_LOGIN,1
eviloftwolessers,1
2311123453,5
stupidguy8185,4
Rifmab,1
essantennas5,1
Interista-Egypt,1
trlongsequence,2
Le3f,3134
poissonprocess,615
enginegeek,41
CaptainCum,12
collegefangirl2017,229
KnightsThrowaway,17
Sparkkplug,6
I_READ_THIS_DRUNK,1
#NAME?,7
Firemin96,4
serblasgar,1
yeahipaintedthat,2
Osirisgaming,2
helpmeplease4912,4
DandDdumbass,2
neozen,7
GhostFox5836,1
oopsiez,7
nikinyx,1
HoshirinHCF,65
ninjapanda14,872
qM__,38
iklove,22
Denziloshamen,16
colonelnoseworthy,94
sparr3,44
Guiltydox,7
uncobabies,1
Laundrydetergent22,5
DerangedHermits,3
ComeMierda,1
MotherofSong,1
VidSciUp,4
Scooddog,2
FinFanVII10,1
r4diculous,1
123light321,1
mikebakes,1
beblithe,3
doitnow777,3
AnjwaX,6
TheRealLeDoge,8
muzzingtonau,54
Vatexaca,466
pasm,542
brianwp1488,1
tehNoti,9
Juandothedestroyer,1
Bareldragon,1
Waiting_Peach,1
drinkingasoline,4
dylasaurus,1
turnnemussdinghyske,1
ba-doyn,2
OSRS_Rat_Hunter,43
Ozbie123,12
Ginosashi,42
EAT_SLEEP_FEED_REPEA,4
Bethe_change,40
TaraAndAndy,1
schoolnipz,17
Prosmith,2
twinklebum,2
notmyrealname43,1
repukes,38
Mureau,1
sdasdadx,1
itsjustlemon,3
IHeartNeedles,3
RohSam,5
SaladTosser_,2
SpooningByTheFire,1
graceland-2020,1
transparent-aluminum,206
PlatinumEra,328
ryuuboruz,194
XShadowsOfDarknessX,113
Tofuistofu,209
tempaka,15
jobcounter,14
Nooneknowswhatyousay,1
Torio150,37
theTexlegacy,5
axejeeves,9
kvc12239,10
wirthink,3
PM_ME_UR_BEST_GUESS,10
goldencuber,1
RichieNOTRich,22
a7594li1,4
Sarahlov101,1
iknowdafeel,2
floridamanhere,61
McSweetSauce,639
Shittest_Poster,29
SoggySteel,13
freckleforces,1
I_wasnt_raptured,4
throwaway99938,2
doomguy5805,11
1111122211,1
mothjoke,1
Lxydeslic,24
JammyDickwings,1
sugar-bone,14
SierraDeee,4
la_throwaway122,3
QuantBio,3
lopsidedeyes,1
SCO_1,2264
GuitarGod91,321
In_Different,218
JOHN_MCCAIN_R,190
X-8114-XG,3
austindude13,102
Zoinko7,98
AmbientVirus,28
Spac3Rat,97
Spectre2013,5
caleb9182,25
sanmarcos9,1
DanRolI,95
Eyesocketlollipop,84
jasonftfw,1
Reptarscout,1
letssleeptillnoon,2
TazorMKS,13
kriztvl,5
Kamidel,1
SpanningTreeProtocol,4048
teabis,28
SuperSayainBanana,121
Canadianballer,4
Semizerospride,2
Zumeh,62
Longskreet,13
luckybat,23
Breezetone,34
-Arctic-,10
gauntletthegreat,5
Cizzlette,1
ESGNCompa,30
sc1966,1
Andreitrk,4
themoonsaballoon,1
PrideOfAmerica,609
btdailey,45
lookskyward,49
BoobTitPhillips,436
itsdee2121,26
LoblawSux,9
Abiibredaeng,104
therealevanmarsh,44
camera_bean,5
CallMeCass,2
Bacarty,1
Floptoid,10
Crysola_Tsara,13
GunJuBaZZ,2
mytoolsandi,2
MogranFickle,1
mikeys4u,1
Gintoro,378
SwookieG,121
forgotmain,6
Structure55,19
why_boner,2
DontPutABabyInMe,1
_Barrett_,6
Sesame_Bun,23
Theredisright,3
glomska,4
borivojdjavolak,2
wireradio,1
livinglifeloud01,2
Delusionalfirstlove,2
riander4,1
throwawayforrea5on5,2
Sakatox,1779
Dodgers99,1909
ceebee91,78
EjectTheUnEjected,327
sidewaysplanet,523
WhtRabbtObjct13,91
tughj,1
qwitwa,451
bradicality,63
Starlight1113,12
aryr,1
HatesFamilyGuyQuotes,3
slendernova,90
AndriSve,2
shadfear,1
SenorTomato,1
rowsdower2000,15
Blackout_Ws,1
kilipena,8
zbxgscqf1,1
firecat1216,1
monsterophicles,129
roubz88,6
jxsnyder,45
adsasdsad,1
MajesticRin,2
nobodysomeone23,1
rpithrowaway12345,1
KrazeOG,5
Nerdebeu,9
virtualoptim_2938,2
Mr_DRush,1
Jasonafire,1
cosmicteakettle,1
MomAteMyCumbox,1
Elginlimo,1
thetablesturned,250
poobumwillyhead,25
jesschanchan,2
DarG0,81
StalinsMustacheRide,9
DingusCogburn,1
tommyPfoolery,1
unicordinarygal,1
blueglossycalender,3
hemptastical,1
bathsaltsmeow,2
HeyItsYdde,5
XxJason-_-,9
mantradamus,1
CamVerz,6
DarianXY,13
BarbarianBacon,3
meFUCK_angry_geaxkif,1
singtenonoreme,1
wantime,1
shibedolf,1
T3Kmitch,83
the_grater_good,951
dododoo214,129
splicerkitty,237
cats_barcode,1
JBDIII,3
VyperStriker99,16
MerchantScrub,1
tr1305,3
Kj1350,1
sahara123,3
RetconAnon,1
thatsapunnyname,96
DrChrisHeard,55
roth88,136
Rheaalex,1
NottheArthurnator,4
hookahdrew,40
amiplayingwithfire,6
JustS0meRandomGuy,2
NotCiclope,13
godevguy,1
Hunter7550,7
jatinder95,1
Tristepain,1
pretentiouslittleman,1
NeedKnowledgePLS,1
Pibil,2115
SlimThede,217
house_tree,833
stan901,7
GodofBurgers,396
Bearctopused,284
caffi,36
Uhn_,15
deLVision,1
schhnee,62
zllink72,94
FreakyTossaway,1
Norem01,245
dededa,5
CaryMort,36
akademilazerdis,1
dashmit5,1
coinstester,30
Seltomon,1
Nickmckick111,2
FakeNameFinancial,1
Corrodoto,2
Colonel_Kewpie,1
awaythrowt,450
kakhaganga,158
GregTheGooodGuy,289
HeimBrent,1
71mo,73
throwawayamibad,10
radke66,81
Inoselljokes,98
notyouaswell,6
Craqo,1
astronomyron,1
Suaresinho,8
trees_plz,3
eamoncf,14
redbadgergirl,444
ar_604,1531
Hariys,90
sawdustbrain,78
psychicmisscleo,434
dontclickonmeplease,19
Psnfox,2
Killua19,8
Quadici,5
_HK-47_,7
flower_girl,109
Mayur_J007,2
GrayMatter9,8
eydifeiti,6
kyle2k,4
Alent194911,1
McCancer18,1
Gimped,678
RobG92,504
mfilion28,815
mrflossin,524
username441,1919
mrceobigb,3
Rallex,3
Cr-Peregrine,203
hamplifier,1
JamZam,17
Please_someone_help,2
gyuchulm,15
halloweenthrowaway7,1
TiaCollins,2
Always_Truth,1
ZedRachalon,1
Candess99,1
feelda303,1
EVILDEAD36,5
TheGreatKaoru,7
pokey-8,3
ajsbdhabdu,2
LeNzCraft,86
baz2341,520
citizennsnipps,1998
MyBoyBlue182,66
quartzchimera,73
hitkid55,35
wordswithfrens66,1
jamespsa,2
JPperkins,5
schokofreak,2
Your_Fursuit_Is_Bad,1
helpmycar,1
residual_meat,2
wowza8956,1
ExperienceLife30,3
DancingStich,1
Madman_With_A_Keyboa,4245
purplebaron4,1398
higagerger,1156
vypergts,522
ANDROG3NIC,406
Veqwo,1
Epicvoid,1
hellofriend22,22
TARDIS_ofGallifrey,1
upalag,8
buddyhig,3
DrivenDemon,68
lana_banana_,12
Baudrillaardvark,3
RecruiterPWApPle,2
DamnCZ,1
TopFake,2
rcall25,1
Wyoming777,1
earthlingentity,4
throweraway444444,1
hawtpink,1
junys,220
Remender,260
Mannnolo,36
cptwood,89
carcinogenickale,63
grassipher,2
syntax_,8
DatLev,2
Honestial,61
aodea,2
jcoss,1
bolson4297420,11
ha_liefling12,3
Fleazzzzz,2
Fortibus1298,4
RobotSquidly,3
billbooz,1
Tx59911,74
Theivey3,42
Isaacyea,2
dashBlank,1
EhRay,182
rachelhgray,146
DacianHantig,278
gtl923,4
artworks85,3
stevenlai,4
Graros,7
Themotionalman,33
Cpandrej,6
ohdayumstagram,1
ediondo2,2
yuvv1,1
Srand33,1
Muteddragon,61
burgamasta,32
Bjasin,184
RealNigerianPrince_,24
egal27,23
elsaturnino,298
jiminihimini,28
HairyDrunkGuy,13
meljul,12
jamesajohnson,9
stevemorr,2
datnguyen392,2
mariopower2,9
jameshenry2017,5
xplodingcow,6
hawaiianpunch22,1
Rocketmonkey-AZ,9
RandallSousa,24
Carchick99,3
LoneWolfdash,1
minodude,988
bluevinyls,80
dskDan,94
HippieWhisperer,19
Sec0ndChanc3S,159
49invincibles,1
iMagicTouch,2
Quantum1248,23
picsnewhonesty,20
turbospeedo01,1
IEorEG,1
Cisxn,10
ByBodzi,4
-Swordgrin-,4
mushroomcave,1
Killer_MD,120
CACTUS-CACTUS-CACTUS,388
TheManInRags,579
secondstorychef,28
wallex12,73
PurpleNoodles,1264
PM_ME-YOUR_SOUL,6
legacy1223,1
jndubbs8,15
AnswerIsDerp,94
cogito_ergo_pwn,147
hackernewsbot,2
auto1auto,1
Lima_hmmmmm,2
esotericMatt,29
Eggroll_McJohnson,12
TampaTechno,1
JaGaKill,9
ImThatGuy_95,2
xflume,9
SheriLaDuke,1
chwanlongtesupkugons,1
lukeathens,1
thunderup_14,947
dobbsy22,130
JoeSprogan,164
D0ctahG,712
holistic_sergeon,6
CaptainKush420,5
WorkPoop,7
YoungMathTeacher,1
loliver_spencer,1
standuponce,1
parthsaluja91,12
dRussel970,1
Bluedayz_yo,17
1StepJackdaw,1
d6cv3p1d5o4ucs,1
thisistete,5
CrinkleCutMcCoy,57
Dab3st3st,199
tempoph,2
account_dracula1,55
Connorsname,19
redhairedguy,2
uzair5555,1
atheistborn,3
ipredictthefuture,1
nasaspokesman,4
therescrumbsinmybed,10
Hawkeye21020,2
irrationallyjealouss,1
Lindomir-Cardoso,1
420cheeserolls,4
thuba_ndibali,1
zenemu,1
avelaera,812
Tajnyhroch,2
Zenm2,36
yumadfer,8
surferman646,14
Jiggle_Jiggle,9
Arianacandygrande,1
srangel25,181
konkilr,37
strawberryshortcaked,22
Laurierennt,3
ForeverFiona,1
Analyzes_Grammar,4
alisonwuhoo,5
Tentorfield,2
zagrebwolf98,12
karnyd,11
goldenpuper2j2j,3
csqcthrowaway,1
Acervate,1
somewhathazy,1
TheCubistEpoch,537
bdhir,58
TarvernHub,29
Happyveganexperience,5
Idontwantonenow,12
psilocin27,16
Throwaway72727272,2
clobist,2
Saqqara,1
whatdoiprint,3
swag4lyfcashflowyolo,1
SherrellG,5
carlosjackson,1
fitchd,2
9outof10grl,2
nugstache,1
steveistheinternet,1
Dospriv,1
Ase9,204
registerinsecondssss,1
acrolite,18
Armurous,56
GenThorn,10
ThisMakesUAnAsshole,15
ButWhyWhaleModels,17
Juhfee,22
uninpressed,4
What_System_Works,1
251242152,4
ikillianm,2
kairulez,16
Blarg_Blah,2
MayaDayu,2
opnsense,2
GhostPepper73,5
_butterflyDaddy,1
Dshorter,5
r0555555,4
Batt1eKing,2
lesnatunoulycoun,1
sneakynsfwaccount,3
Oculus_Mikki,1
mercedesbenzd,2
bounce217,1741
Eilsys,269
juppy015,10
zeazer99,47
AlaskanCadet,17
noidripples,1
throwaway99189918,10
MattDurdenDaGoob,1
jetpackbluess,5
addictnumber714,1
TheOhmbudsmen,2
jacknjill1,2
hotcat_123,1
evie-bee,9
f0ghTy,1
Sir_Elvis_Pugsley,1
hgiFter,1
niNja_ma,4132
ua19,614
melizuh2017,5
ariestherat,16
Bonfiire,1
m4ttlovell,56
Sirius5_,9
fleshman12,1
dafyddp,1
corgilovers,3
393dfj009,1
eduwardokun,12
brainvacation,1
purplediane,10
NotAlphaBut04,6
SEMuser,3
ObviousDroll,3
ForSpring,1
popctime,2
10per,6938
Rsreturn,7
GeezRoni,91
SharkToothTony,1895
atlastfinally,52
Big_Ed,37
NHOJ515,69
robertt3333,4
cooldudewowplayer123,9
Mason_winter123,2
Seadd,50
moonlighting1,2
carvouz,30
mackahhroni,2
canterburyorcanyou,2
WGDDAL,9
peliades,2
Thhhhrowawayz473892,2
camo28,1
Carl_Pavano_Comeback,1
myopinionisvalid,3838
blazerz,7167
Archet1pe,9
Sandino21,243
Czzt,1
PinkLemonaize,9
MrThrowaway812,2
tysoned,1
Gnomadic1,1
IllyiadIll,1
imicrowavedmycat,15
AbzolutCintron,8
retro_axolotl,12
terriblepersonwoo,2
EdenValkyrie,13
johnstrong317,1
nkew,1
o_Reaper_o,1
joshguerette,2324
Frottz,3
Bahamutrant,115
GospelFromWithin,26
ZeusVince,514
Qrrky,5
Marsipolami,35
MechanicalDuck9,3
toyotaofportsmouth,1
EjectAPlatypus,36
Texcraz,6
rvpreddit,2
MauveMistress,13
traninineroveb,1
Phillyfan63,1
COMIN_FO_DAT_BOOTY,875
Piratessptr_1,177
masona_jones6,569
ondubuisi3,87
Teh_OniOn,8
cperko1,122
kobibutler,79
ValeraZakharov,5
Supraman36,170
shadowpuppet23,5
bartlomiej_,39
Dream000100101,4
phisterpdawg,1
Boxer477,2
Mia1988,3
tossedchat,2
Toxicyoshi7,635
GamerMinion,354
LiquicityFanboy,45
UCSDPharmD,3
rendel000,1
Cuntpotatoes,8
HalifaXafilaH,22
vimaxreviewspills2,1
degenerade666,2
Cheshiru,2
likea27,1
feelreallybadthraway,1
katofunanori,1
tiobelifdoubt1980,1
matthewrifkin,1
LJones22,22
Rick_Rau5,269
jigwe,173
nickbenn,323
Wesfall,50
gorgonz014,78
dreamscape96,11
okjed,3
sintrixxxx,149
youthlessmayo,12
this_is_natalie,19
whyrustillhere,16
CreativeOddball,3
forreimaler1987,3
3aXnXl5,5
TheVercingetorix,1
DamnLoveETD,2
AllIHaveIsYou,1
barrygold_,1
invipermamescent,1
Longroof,1192
DNAbro,1007
crichton101,1342
stretch2321,75
I_floop_thepig,194
Antheman26,46
Squidunist_TeK,5
justinfreyes,39
Wickd4Ever,11
abgib,23
aphilip36,5
ReasonDev,6
sarahofsandwich,16
d4wtty,11
jakeoduin,22
theboymikey,10
christiancackm,17
Hyehue,2
ShahanPlays,5
coulterite,2
Paramedic724,1
krozzy,143
brianwilsonsayssmile,29
The_Arcades_Project,134
juyeyskkn,59
firealbatross,2
Krispyjeans,7
beardedparker,6
Turtleshiz,7
ondigy,1
random163,1
fapperferlyfe,2
happy2btrans,1
Info_Chan,20
almighty00,1
Torey_Teufelsbach,1
InDirectX4000,1197
Joib,526
MonsterJerky,137
ThisPatch,1
delambo,22
nixdg11,5
TruckAccident,1
AnonymousAntelop,13
thrownpuppy,13
floridelux,4
Those_r_deinonychus,3
Spoiledrotten1986,6
Mikebblue,2
hierohero,2
pm_me_kittens_plz,1
DotaScience,1
ColStripe,857
gigisummers,38
alexispetznik,182
dymotic,31
directioner64,1
Dalphun,188
iUnKnoWn_7,3
M33T_uP,10
nyaronya,5
misterrx2001,14
SaltySix33,1
stan4357,1
Poinsexter,1
dannihanni,1
nikniuq,15308
Captain_Ki11joy,42
Socleanjft,186
Gr8FL4SH,109
deterpandrea,11
ivlaytcheva,6
celticpapa,3
StankyDanky23,58
Ne_Eo,7
biggreenplant,1
231981321,1
Dakotar06,10
suspicious-crises,1
pharimerocori,1
tinmaemadsen,1
obviouslyfakenamekfd,2
wobblicious,2
homeled69,1
RIPBongzilla,3
jcbarlow1098,60
obviousforgery,166
trujp815,2
GreaserCaleb,6
AdvenDreams,1
Esbeidy98,16
YouWishIWasntReal,1
CarpeDiem999,7
gewberbewber,3
dr_goodweather,2
svvanky,4
buksana,3
NofapperGod,503
Avosc,74
Meindl33089,48
IPrayToJoePesci,11
ChevelierMalFet,74
KushyLife911,12
eyesick13,1
Falconpunchu,164
gbrat,1
SpringfieldCS,17
Martialarts2626,15
grogbotzilla,9
throw_away182182182,1
dollyzombie,5
overthephone,3
bernapt,406
iaimtomisbehav3,302
r3dy0sh1,273
FreePali,86
ellawilson000,1
Buuhhu,4
yeahhh_buddyyy88,6
danabradley1313,1
VmanTrell,7
place1513,2
reese_ridIey,1
768768hghgffg768768,1
throwaway834579,1
tyetibbs,11
Tyrano_Rekt,1
astarinyourskies,535
solidu,275
EmperorSena,5
definitelynicole,13
jrryrchrdsn,678
taosaur,571
SirSunkist,116
treeMan1618,159
PinkySuavo,13
Weird_Boner_Police,3
secret909,1
Nex320,6
jbauerca,13
Jerdog357,9
Synbrah,3
dp11nc,1
clarkushuggins,1
watat83,1
ifSAD--true,1
Tefoyo,1
Marxmelowzandpromise,1
jaygrogan21,1
jessehefford,1
lovingtheamiibo,1
Agent1226,307
dlombu,97
LYSERGER,37
pretznub4,5
Orangeclouds123,1
imgoingonarant,4
CumulusMaximus,17
alexway,1
jblewis007,4
purefetch,2
HamWaterStew,4
pornoszukacz,1
AMechanicalGirl,2
RichardCC79,1
_ucla,1
TheSquigglyFish,310
Bbwluvr420,875
andlius,1326
no_car,3
nickforshort,12
Ddogvito,13
Loseyourpanties,6
sharepointcafe,3
sansemao,2
dilanbk,1
wronsiek,1
trip_evgen,45
ugafan8898,4
FoozeBighter,2
THEONEWHOKNOCKS132,1
The4thSniper,6373
Crazyfro89,9
matthew910,59
ttstarck,115
Zakria1231,48
edili99,2
laserducks,2
Deluxe1,117
TISHATON,1
walup,1
SkipTheIntro,101
SpiritBearLover,9
Spriditis,6
Zhuzhuks,16
jackjack789,6
isabelle213,1
Mrs_R0b0t,3
roghtrf,1
chongievue,1
octaviosergio2,443
armpit_bandit,15
PogoPolitics,13
AoP,1186
zzway33,2
nightshadow167,31
OhAmiibo,12
BobbyLeeSwagger92,18
directorrhillz,2
Mydeath123,79
komodowaran1,12
powell37y,1
Andy635,4
ZupaZeus,32
neonjews,3
bjj_juggernaut,1
Svaba01,1
Djssearch,1
Jesselivermore,49
halleberryhaircut,408
mamaturkey,15
rashedup,7
matthiashombauer,7
Mgorman15,3
lowlifeproducer,54
DrCeaserMD,3
yucapareja,16
Green_Pie_for_every1,2
brinnigan,3
gerJan,2
slmcc93,1
teslacoilbutwithfire,6
Lamppst,2
beastieboys,1
Chalupanana,4
shittingabrick,34
helpfulbutcreepy,1
thetosh,1
SeaGirl2017,2
Mflencio,2
secretofsanta143,1
Martin4os,3
Salami39,3
IrishOrange,2
arvejeitor,1
asedwgeadswgv,1
January_Gardener1912,1
dontpanicattack,2
N8bithero,5
BluntedUpBryan,58
send_me_nudez,199
BabyNewby,26
euisu,20
Bertron70,19
KILLZONEds,18
friendthrowaway0,1
paraLLaxR,2
Lumpydischarge,3
shitty___writing,26
IMaybeI,4
shushuknight,1
RookTx,1
Dankest_Of_The_Dank,1
fffgjuyy,2
seerutyiujkhg,2
yourfishyqueen,1
Sorgenlos,1470
labyrinth933,54
sjak23,9
Detilly,178
Ragnuf,2
hairskin,12
cannibalcreed,1
BybouGeush,8
Rydog79,16
13thFloorElevapors,3
ksarrow,3
SmartBecauseAtheist,1
hokaje,2
halosux,1
blueplanetsurf,27
FEDERSDIEPLZ,2
LeviKadeKingston,2
rbchh,1
ceni11,13
My-Opinions-Are-Fact,1
dobastards,1
ronkabet,1142
coffeespots,802
liinked,317
Ducumber,331
drkii1911,231
acthrowaway_1234,12
cityslickergirl,20
d4rkst0rm,54
throwaway4382,1
ashinkusher17,125
KnowsWhassup,2
fueganese_,27
AshamedHuman,1
rocks12345,2
and_with_you_taro,37
alphatom,96
samsarapwd,1410
suddenlypelicans,34
byzantinepeasant,27
chrysostomus,58
soxar,1
templex,1
reddit-rocker87,1
anitadash,5
abbigaga,17
Glovian,1
Byceos,2
torfax20,5
torrmh,4
obamaoldandsick,4
giovx,1
madonna321,1
usernamesallusedup,3
iJ0hnny,1
Imadigimonfan,56
ObiPwnKenobi,7
phebby,121
pane-in-the-glass,32
lurkinginyou,49
Userman3000,7
fallenxoxangl,27
gsfj11,1
throw_away_father,2
bloodhannes,4
mlubker,10
whoareyou1234,1
Guhnsen,7
abvaxx,1
naked_progress,1
jvdc4159,2
candycrushmustdie666,1
uberlizard111,1
Reiley78,1
dontcareuser,1
Rg93093082,66
Flavorfool,103
lordsmokie,227
Embillay,110
B_S2013,62
Liamo-,2
Xel562,4
RaPiiDe,12
Joeydizzlesticks,48
RUSSOBH,313
Ocaxcride,1
overzealous_ebayer,1
TheBananaClub,1
vivalatiffanyyy,3
rmadrid27,1
codeinesip,2
Drieska,84
bigblondie13,2
TomotheEngineer,7
marcandrews22,1
asmith_12,2
a1day1s,1
dzfygikhdfbkzj,1
mailguy01,2
surgicalfocus,25
jakoblouis_91,4
Derpaflurp,4
alrich_logan,20
villava,1
Boy_Scout,27
throwawayWAN,1
dschef,1
milanilic,2
PrivateDan7,38
Chuxxe,4
Oraiia,1
rhagorol,3
dashbord1991,1
Adamosek,1
YtEclipse,2
viperscorpio,82
ogdough,9
IQRobot,3
allan_ackbar,1
medrra2894,4
pinkacornfromyikyak,3
oclumbertruck,3
abbyalt,1
pervnav,1
brdjame,1
mochacup94,148
Roswell85,949
WeazlBaT,320
DoneForRealThisTime,202
DaftPlayerIV,10
artpoper,142
rkvndrln,245
gaydur,16
xcvo9ijf,1
cocowork,18
ATadGhostal,5
KingBearBruhh,4
user1295,6
Vaungh,3
ElviaZeller,1
olitcochosoca,1
lovelytass,1
Throwaway_for_fun_,1
tqcodex,1
potatodaay,2
battlemaxace,1401
Ildturhon,26
Mimerdidntknow,96
_Gigante_,88
Willeard,18
joaozinhow15,7
rnclsh,2
dudeseriously,1
lioneye7,7
ronerick7,36
azaleeblanco,14
killerjealousy,1
ATLNick,2
Akturazzman,2
Hallal_Heels,1137
NeverSummerMountains,732
DarlaDeLove,16
bigbad_bootydaddy,27
NicoPV94,36
1.11235E+14,1
dillyZilla,349
MenaceFromVenice,9
RichFriedRice,1
EpresShake,4
ThatGuy010110,7
TrumpIsAConman,4
medbrk,1
mariameyer000,1
N3v3rSw347,2
Pocketcrow,2528
foreverslouching,272
crasskitty,96
piizza,50
adrianozzzz,7
GRMN101Throwaway,12
IronicIrony,1
errorMacro4,1
oke_poke,1
elitoo,2
MrEbonics,1
LucasT9,15
willivov,1
shlygrose,2
needdatsaucepls,1
Manohman3241,1
pentanol,2
metdh,2
SuckitMcBoner,4
London_Towerfallers,5
baileylynaugh,19
finkleinhorn,100
thebeastfromtheweast,14
waitin4satan91,83
RevansAcolyte,20
IAmADuckQuackQuack,1
RCrapnell,1
qtoklt,1
xcgreene,3
IgnorantCow2000,8
JayJayss,2
db2999,1
SeanSeymour,2
purf1,1
Robert_Dobbs,2
kexy_pus,1
I_Found_Fido,523
MDtellem,236
Claudiasjarif,7
slampiiece,217
Nex_Tactus,2
PoliticalEconomist,40
patriciaparhami1,1
CaptainOzyakup,930
tpvoid,32
bik1,1
michaelhearn,2
SanyaSaxena,17
iamcyn,84
ambersnazzle,4
lesh0430,9
antiantiderivative,8
Fruc6p,1
AnonymK,1
Whiplash53,15
Jordancandelario,1
IAmRonHoward,1
colesauce22,2
clevercunt,1
Notquite_arobot,58
iqvi,8
SloppySlothBurger,4
knielc67,12
jman9789,3
forwhen,6
Zorpheus,551
fermentingmind,32
drugzandsekz,402
SirCheekyLongballs,206
DrDrogba,103
addictive13,32
Nukem90,16
GeezLOUISEY,1
Vigilant_Scaper07,11
AmetrineMagus,39
Krissi1679b,1
jcap,33
brohanan,11
toodfatanato90,1
johnson123451,78
moon475,2
Brando362,5
Makingmeabetterme,1
throwawayrvaaccount,1
baby_llama,374
Jessylegg1920,9
oddshocks,65
RRenaissance,18
denzil6,10
Invictus23_,56
NewbieToAllThings,2
throawayfor_GoT,14
Snapbak12,1
onlyshawn,36
cubbox79,1
workerdronethrowaway,7
troll526,1
DollaDollaWill,7
Lifeinarmour,1
nukeruss,9
sumthingrandom2,1
happathetic,1
lihandstakchiralet,1
FoxThre3,1
elloherzfincentwis,1
tschudel22,1
dragonlaugh,473
Wussel_Restbrook,7
plainhotdog,46
Oh_Haii_There,11
Gaston_Surilie,8
allthethingsss,30
jayteeez,33
dntpnc42,5
maddogmccoury,1
l33tgamer94,5
johnwaynelel,1
Pqpqpqp,2
dont_belong_here,11
Meme_Bae,2
Linkfloyd02,1
nonexistentialism,1
demi-odd,1
hedrinksdraino,1
tabloidjournalism,1048
ChitsaEQ,135
bradpeacock,602
#NAME?,387
coin-master,3858
PeeledPancake,328
btwistboy,18
slumpy69,133
GWAS_Samuel,2
mah_ninja,28
philb10,1
StateChamp01,4
dvdiab,24
hopelesssnutcase,4
CiadKibitz,1
E_coopster,2
feminasmo,5
break_the_meditation,1
ale_to_share,1
Masonflyer,2
Serdarm,2
lilsamsam223,2
tenser4,2
roastmole,74
RoadSideGlories,48
glorious_thunder,191
diablov688,501
BreezyBrisket,203
huzzah44,116
gnorwerauoy,38
berberder,6
Brahl,1
MasterAndOverlord,1600
fabianhjr,672
booshporn,223
Sweddy409,967
Bleeds_purple,9
Sebipoo,3
Spanishflame,20
schinci57,8
Stellar_Salmon,1
sosellers,62
nnylarak,18
Spencer61692,3
jaksemas,2
wilum,17
colesmith,1
ossohel,1
chest_void,6
jportilloz,4
WatchItBlow,15
ProGamerUnique,22
Chopstickschop,3
QueenOfDaNorf,2
devoidoflife,1
pilot1234567,1
elthrowawayerino,1
dakky21,46
chaosgriffin,84
BArticun0,148
BlackmesaNinja,59
N0T_Y0U,49
kingyachan,35
doctorhu,111
dj_foreskin,6
herpderphherpderp,26
SeanBean2826,7
nappingpiglet,11
Boomdoomting,9
Falcon701,3
pRincessCarla0,2
pastortaytay,4
hijab_nude_throwaway,4
Gamtaig,1
BanyoUK,1
directorwriter,5
throwawayforthisguy-,2
altfinley,1
Matt13Banned,1
solarsellingthings,124
eskonamaa,46
geegee36,81
nsfpussy,6
King_CesarV,11
4bravo,9
Emperor_Palpatine666,5
MeerkatAirforce,33
c1o2d3y4,1
Soundspheremag,1
atata5050,2
Stavi-qo,3
Westerlywinds,1
qavois,1
HarryPlopper77,1
johnnyfingers,775
itsthatguyyouare,16
jetpackstudios,19
denizfm,1
tag2424,1
Jbwv,48
One_Fox_In_1OOO,1
DunnieAllstar,23
rundonald,1
EuWhat,1
sunlinktravel,1
Podominated,20
choochoochrain,570
Arya_Bit_Her_Lip,37
Nutella_Lube,13
JackOfBlades777,35
Fried_Granny,4
Welp02,47
lesil_sama,81
notbubblely,665
youngDene,13
uhhh-mehhh,27
PetcoAquaMan,1
nietz3827,1
LopsidedOrca,1
Peaxant,1
Broogan,372
TywinLancaster,4
do-what-you-want,35
BeadlesGhost,11
RadioEngineerMonkey,27
Daptone,66
ArePaulaTicksBlows,6
69a,4
Kyela,3
ThrowawayAffair,8
DogGoneDogDays,3
megi20,1
CowsAreAmazing,1
BaddGirlBailey,4
Luckworn,2
soundboiii310,1
zipzerostingywyomoma,1
servarus,2255
ocilar,348
Aquatos,624
Vinbra,426
techboy91,88
Stratos_720x,5
cavaz1,33
Retrojay17,3
FishFashtv,11
587throwaway,18
whiskeycritic,60
hollowfool,234
DerBeanMachine,5
ktran7,147
Jutkis_Mopgefin,5
hackneylad,4
Indiankats,1
GimGrim,1
youngdominco,16
LittleNonsuchII,57
quite_tiger,1
jackspayd,3
invoke_static,1
BeadyRaindropYT,1
Steven467,2
paoisdjfpoijapsoidjf,1
FunnyGameNS_,1
ptdealer,154
robbquinn17,4
lfloyd1122,5
MabMaeve,129
Merciful_Neptune,38
7nickdaquick7,1
AlexanderFlemming,1
eagerbeavers,1
jamesds1,5
ADN416,7
Zionis,1
jeng7179,1
Fnzzy,2938
ShellShelf,908
twoheavy,19
ftw978,1
FinlayMitchell,8
jmillz24,1
Un_Trace_Able,2
kieeps,1
DunwichHorror666,60
FameSupreme,2
NashStampede,1
Donvincento,3
attack321,1
swag420xxx,83
pigmother,393
Claymuh,97
ohkaycupes,3
eric-domingo,20
UnsteadyGenius,644
Nathhead,2
jesusthevegan,33
JenLawrence,3
jklasdlkjdasljk,1
Winston_Smith_6079,1
bluesuedeslipper,7
starfishsunrise,11
jkjeeponrocks,2
rop8ap,6
haveyoupraisedthesun,5
thisisonlymy3456,1
4_guys_drunk_advice,4
firecontrolcenter,1
pattysills17,1
bribgr8,2
Flukofseagals,843
Wanganism,101